"","syote","n","vastine","vastine2","vastine3","puuttuu","loytyva","loytyva2"
"1","perushoitaja",1317,NA,NA,NA,TRUE,"","Perushoitajat, lähihoitajat ym.|Perushoitajat, lähihoitajat ym.|Perushoitajat ja lähihoitajat|Perushoitajat ja lähihoitajat|Perushoitajat ja lähihoitajat|Perushoitajat ja lähihoitajat|Perushoitajat, lähihoitajat ym."
"2","laitoshuoltaja",1280,NA,NA,NA,TRUE,"",""
"3","toimistosihteeri",1027,NA,NA,NA,TRUE,"Toimistosihteerit (terveydenhuolto) Toimistosihteerit (terveydenhuolto)",""
"4","lehtori",1019,NA,NA,NA,TRUE,"Lehtorit ja yliassistentit (yliopisto) Lehtorit (AMK)","Aineenopettajat ja lehtorit|Lehtorit ja yliassistentit|Ammattikorkeakoulujen yliopettajat ja lehtorit|Ammattikorkeakoulujen yliopettajat ja lehtorit|Ammattikorkeakoulujen yliopettajat ja lehtorit|Aineenopettajat ja lehtorit|Ammatillisten oppilaitosten lehtorit|Aineenopettajat ja lehtorit|Peruskoulun ja lukion lehtorit ja tuntiopettajat|Muut peruskoulun ja lukion lehtorit ja tuntiopettajat|Aineenopettajat ja lehtorit|Peruskoulun ja lukion lehtorit ja tuntiopettajat|Muut peruskoulun ja lukion lehtorit ja tuntiopettajat|Aineenopettajat ja lehtorit"
"5","osastonsihteeri",612,NA,NA,NA,TRUE,"",""
"6","kodinhoitaja",490,NA,NA,NA,TRUE,"Lähihoitajat, muut terveydenhuollon työntekijät ja kodinhoitajat Lähihoitajat, muut terveydenhuollon työntekijät ja kodinhoitajat Lähihoitajat, muut terveydenhuollon työntekijät ja kodinhoitajat Kodinhoitajat (kotipalvelutoiminta)","Perus- ja lähihoitajat, lasten- ja kodinhoitajat ym.|Perus- ja lähihoitajat, lasten- ja kodinhoitajat ym.|Perus- ja lähihoitajat, lasten- ja kodinhoitajat ym.|Kodinhoitajat, henkilökohtaiset avustajat ym.|Perus- ja lähihoitajat, lasten- ja kodinhoitajat ym.|Kodinhoitajat, henkilökohtaiset avustajat ym.|Kodinhoitajat ja kotiavustajat|Perus- ja lähihoitajat, lasten- ja kodinhoitajat ym."
"7","erityisluokanopettaja",312,NA,NA,NA,TRUE,"",""
"8","ruokapalvelutyöntekijä",306,NA,NA,NA,TRUE,"",""
"9","koulunkäynninohjaaja",290,NA,NA,NA,TRUE,"",""
"10","rehtori",286,NA,NA,NA,TRUE,"","Opetusalan johtajat ja rehtorit"
"11","päivähoitaja",282,NA,NA,NA,TRUE,"Perhepäivähoitajat","Perhepäivähoitajat ym.|Perhepäivähoitajat ym."
"12","tekijä",275,NA,NA,NA,TRUE,"Sosiaalityöntekijät ym. Sosiaalityöntekijät ym. Lainopilliset asiantuntijat sekä sosiaalialan ja seurakunnan työntekijät Lainopilliset asiantuntijat sekä sosiaalialan ja seurakunnan työntekijät Lainopilliset asiantuntijat sekä sosiaalialan ja seurakunnan työntekijät Lainopilliset asiantuntijat sekä sosiaalialan ja seurakunnan työntekijät Lainopilliset asiantuntijat sekä sosiaalialan ja seurakunnan työntekijät Seurakuntatyöntekijät Muut seurakuntatyöntekijät Gallerioiden, museoiden ja kirjastojen tekniset työntekijät Gallerioiden, museoiden ja kirjastojen tekniset työntekijät Gallerioiden, museoiden ja kirjastojen tekniset työntekijät Gallerioiden, museoiden ja kirjastojen tekniset työntekijät Gallerioiden, museoiden ja kirjastojen tekniset työntekijät Gallerioiden, museoiden ja kirjastojen tekniset työntekijät Toimisto- ja asiakaspalvelutyöntekijät Toimisto- ja asiakaspalvelutyöntekijät Toimisto- ja asiakaspalvelutyöntekijät Toimisto- ja asiakaspalvelutyöntekijät Toimistotyöntekijät Toimistotyöntekijät Toimistotyöntekijät Asiakaspalvelutyöntekijät Asiakaspalvelutyöntekijät Rahaliikenteen asiakaspalvelutyöntekijät Muut asiakaspalvelutyöntekijät Muut asiakaspalvelutyöntekijät Muut asiakaspalvelutyöntekijät Muualla luokittelemattomat asiakaspalvelutyöntekijät Muualla luokittelemattomat asiakaspalvelutyöntekijät Muut muualla luokittelemattomat asiakaspalvelutyöntekijät Laskennan ja varastoinnin toimistotyöntekijät Laskennan ja varastoinnin toimistotyöntekijät Taloushallinnon toimistotyöntekijät Taloushallinnon toimistotyöntekijät Taloushallinnon toimistotyöntekijät Tilasto-, rahoitus- ja vakuutusalan toimistotyöntekijät Tilasto-, rahoitus- ja vakuutusalan toimistotyöntekijät Tilasto-, rahoitus- ja vakuutusalan toimistotyöntekijät Kuljetuksen ja varastoinnin toimistotyöntekijät Kuljetuksen ja varastoinnin toimistotyöntekijät Kuljetuksen toimistotyöntekijät Muut kuljetuksen ja huolinnan toimistotyöntekijät Muut toimisto- ja asiakaspalvelutyöntekijät Muut toimisto- ja asiakaspalvelutyöntekijät Muut toimisto- ja asiakaspalvelutyöntekijät Muut toimisto- ja asiakaspalvelutyöntekijät Muut toimisto- ja asiakaspalvelutyöntekijät Muut toimisto- ja asiakaspalvelutyöntekijät Muut toimisto- ja asiakaspalvelutyöntekijät Muut toimisto- ja asiakaspalvelutyöntekijät Muut toimisto- ja asiakaspalvelutyöntekijät Kirjastotyöntekijät Arkistotyöntekijät Arkistotyöntekijät Arkistotyöntekijät Henkilöstöhallinnon avustavat toimistotyöntekijät Henkilöstöhallinnon avustavat toimistotyöntekijät Muut muualla luokittelemattomat toimisto- ja asiakaspalvelutyöntekijät Muut muualla luokittelemattomat toimisto- ja asiakaspalvelutyöntekijät Muut muualla luokittelemattomat toimisto- ja asiakaspalvelutyöntekijät Muut muualla luokittelemattomat toimisto- ja asiakaspalvelutyöntekijät Palvelu- ja myyntityöntekijät Palvelu- ja myyntityöntekijät Palvelu- ja myyntityöntekijät Palvelu- ja myyntityöntekijät Palvelu- ja myyntityöntekijät Palvelu- ja myyntityöntekijät Palvelu- ja myyntityöntekijät Palvelu- ja myyntityöntekijät Palvelutyöntekijät Palvelutyöntekijät Palvelutyöntekijät Palvelutyöntekijät Palvelutyöntekijät Palvelutyöntekijät Matkustuspalvelutyöntekijät, konduktöörit ja oppaat Ravintola- ja suurtaloustyöntekijät Ravintola- ja suurtaloustyöntekijät Ravintola- ja suurtaloustyöntekijät Tarjoilutyöntekijät Kiinteistöhuollon työntekijät Muut henkilökohtaisen palvelun työntekijät Muut henkilökohtaisen palvelun työntekijät Muut henkilökohtaisen palvelun työntekijät Muut henkilökohtaisen palvelun työntekijät Hautauspalvelutyöntekijät Muut hautaustyöntekijät Muualla luokittelemattomat henkilökohtaisen palvelun työntekijät Muut myyntityöntekijät Muut myyntityöntekijät Muut myyntityöntekijät Muut myyntityöntekijät Muut myyntityöntekijät Muut myyntityöntekijät Muut myyntityöntekijät Huoltamotyöntekijät Huoltamotyöntekijät Huoltamotyöntekijät Huoltamotyöntekijät Huoltamotyöntekijät Muut muualla luokittelemattomat myyntityöntekijät Muut muualla luokittelemattomat myyntityöntekijät Muut muualla luokittelemattomat myyntityöntekijät Muut muualla luokittelemattomat myyntityöntekijät Muut muualla luokittelemattomat myyntityöntekijät Hoivapalvelun ja terveydenhuollon työntekijät Hoivapalvelun ja terveydenhuollon työntekijät Lastenhoitotyöntekijät Lähihoitajat, muut terveydenhuollon työntekijät ja kodinhoitajat Lähihoitajat, muut terveydenhuollon työntekijät ja kodinhoitajat Lähihoitajat, muut terveydenhuollon työntekijät ja kodinhoitajat Kotityöpalvelutyöntekijät Muut terveydenhuoltoalan työntekijät Muut terveydenhuoltoalan työntekijät Muut terveydenhuoltoalan työntekijät Apteekkien lääketyöntekijät Suojelu- ja vartiointityöntekijät Suojelu- ja vartiointityöntekijät Suojelu- ja vartiointityöntekijät Suojelu- ja vartiointityöntekijät Suojelu- ja vartiointityöntekijät Suojelu- ja vartiointityöntekijät Muut suojelu- ja vartiointityöntekijät Muut suojelu- ja vartiointityöntekijät Muut suojelu- ja vartiointityöntekijät Maanviljelijät, metsätyöntekijät ym. Maanviljelijät, metsätyöntekijät ym. Maanviljelijät, metsätyöntekijät ym. Peltoviljelytyönjohtajat ja -työntekijät Puutarhurit, kasvihuoneviljelijät ja -työntekijät Puutarhurit, kasvihuoneviljelijät ja -työntekijät Puutarhurit, kasvihuoneviljelijät ja -työntekijät Puutarha- ja kasvihuonetyönjohtajat ja - työntekijät Puutarha- ja kasvihuonetyönjohtajat ja - työntekijät Metsä- ja kalatalouden työntekijät Metsurit ja metsätyöntekijät Metsurit ja metsätyöntekijät Kalanviljelijät ja -viljelytyöntekijät Kalanviljelytyönjohtajat ja -työntekijät Rakennus-, korjaus- ja valmistustyöntekijät Rakennus-, korjaus- ja valmistustyöntekijät Rakennus-, korjaus- ja valmistustyöntekijät Rakennus-, korjaus- ja valmistustyöntekijät Rakennus-, korjaus- ja valmistustyöntekijät Rakennustyöntekijät ym. (pl. sähköasentajat) Rakennustyöntekijät ym. (pl. sähköasentajat) Rakennustyöntekijät ym. Rakennustyöntekijät ym. Rakennustyöntekijät ym. Muut rakennustyöntekijät Muut rakennustyöntekijät Rakennusten viimeistelytyöntekijät Rakennusten viimeistelytyöntekijät Rakennusten viimeistelytyöntekijät Lattianpäällystystyöntekijät Lattianpäällystystyöntekijät Konepaja- ja valimotyöntekijät sekä asentajat ja korjaajat Konepaja- ja valimotyöntekijät sekä asentajat ja korjaajat Konepaja- ja valimotyöntekijät sekä asentajat ja korjaajat Konepaja- ja valimotyöntekijät sekä asentajat ja korjaajat Valimotyöntekijät, hitsaajat, levysepät ym. Muotin- ja keernantekijät Paksulevysepät ja rautarakennetyöntekijät Sepät, työkaluntekijät ja koneenasettajat Sepät, työkaluntekijät ja koneenasettajat Sepät, työkaluntekijät ja koneenasettajat Työkaluntekijät ja lukkosepät Työkaluntekijät ja lukkosepät Käsityötuotteiden valmistajat, hienomekaanikot sekä painoalan työntekijät Käsityötuotteiden valmistajat, hienomekaanikot sekä painoalan työntekijät Käsityötuotteiden valmistajat, hienomekaanikot sekä painoalan työntekijät Käsityötuotteiden valmistajat, hienomekaanikot sekä painoalan työntekijät Käsityötuotteiden valmistajat, hienomekaanikot sekä painoalan työntekijät Kellosepät ja muut hienomekaanisten instrumenttien tekijät ja korjaajat Soittimien tekijät ja virittäjät Puu-, kori-  yms. käsityötuotteiden tekijät Puu-, kori-  yms. käsityötuotteiden tekijät Tekstiili-, nahka- yms. käsityötuotteiden tekijät Tekstiili-, nahka- yms. käsityötuotteiden tekijät Tekstiili-, nahka- yms. käsityötuotteiden tekijät Muut käsityöntekijät Muut käsityöntekijät Muut käsityöntekijät Painoalan työntekijät Painoalan työntekijät Painoalan työntekijät Jälkikäsittelijät ja sitomotyöntekijät Jälkikäsittelijät ja sitomotyöntekijät Sähkö- ja elektroniikka-alan työntekijät Sähkö- ja elektroniikka-alan työntekijät Sähkö- ja elektroniikka-alan työntekijät Elintarvike-, puutyö- ja vaatetus- ja jalkinealan valmistustyöntekijät ym. Elintarvike-, puutyö- ja vaatetus- ja jalkinealan valmistustyöntekijät ym. Elintarvike-, puutyö- ja vaatetus- ja jalkinealan valmistustyöntekijät ym. Elintarvike-, puutyö- ja vaatetus- ja jalkinealan valmistustyöntekijät ym. Elintarvike-, puutyö- ja vaatetus- ja jalkinealan valmistustyöntekijät ym. Elintarvike-, puutyö- ja vaatetus- ja jalkinealan valmistustyöntekijät ym. Elintarvike-, puutyö- ja vaatetus- ja jalkinealan valmistustyöntekijät ym. Vaatetusalan työntekijät ym. Vaatetusalan työntekijät ym. Vaatetusalan työntekijät ym. Vaatturit, pukuompelijat, turkkurit ja hatuntekijät Vaatturit, pukuompelijat, turkkurit ja hatuntekijät Muut pääluokkaan 7 luokiteltavat työntekijät Muut pääluokkaan 7 luokiteltavat työntekijät Muut pääluokkaan 7 luokiteltavat työntekijät Muut pääluokkaan 7 luokiteltavat työntekijät Muut pääluokkaan 7 luokiteltavat työntekijät Vedenalaistyöntekijät Muut pääluokkaan 7 muualla luokittelemattomat työntekijät Prosessi- ja kuljetustyöntekijät Prosessi- ja kuljetustyöntekijät Prosessi- ja kuljetustyöntekijät Prosessi- ja kuljetustyöntekijät Prosessityöntekijät Prosessityöntekijät Prosessityöntekijät Prosessityöntekijät Prosessityöntekijät Prosessityöntekijät Prosessityöntekijät Kaivos- ja louhostyöntekijät Kaivos- ja louhostyöntekijät Rikastustyöntekijät Rikastustyöntekijät Betonituote- ym. teollisuuden prosessityöntekijät Metalliteollisuuden prosessityöntekijät ja viimeistelijät Metalliteollisuuden prosessityöntekijät ja viimeistelijät Metalliteollisuuden prosessityöntekijät Metalliteollisuuden prosessityöntekijät Metalliteollisuuden prosessityöntekijät Metalliteollisuuden prosessityöntekijät Kemianteollisuuden ja valokuvatuotteiden valmistuksen prosessityöntekijät Kemianteollisuuden ja valokuvatuotteiden valmistuksen prosessityöntekijät Kemianteollisuuden ja valokuvatuotteiden valmistuksen prosessityöntekijät Kemianteollisuuden prosessityöntekijät ym. Kemianteollisuuden prosessityöntekijät ym. Kemianteollisuuden prosessityöntekijät ym. Kemianteollisuuden prosessityöntekijät ym. Valokuvatuotteiden valmistuksen prosessityöntekijät Valokuvatuotteiden valmistuksen prosessityöntekijät Kumi-, muovi- ja paperituotteiden valmistuksen prosessityöntekijät Kumi-, muovi- ja paperituotteiden valmistuksen prosessityöntekijät Kumituoteteollisuuden prosessityöntekijät Muovituoteteollisuuden prosessityöntekijät Paperituoteteollisuuden prosessityöntekijät Tekstiili-, turkis- ja nahkatuoteteollisuuden prosessityöntekijät Tekstiili-, turkis- ja nahkatuoteteollisuuden prosessityöntekijät Tekstiili-, turkis- ja nahkatuoteteollisuuden prosessityöntekijät Jalkine- ja laukkuteollisuuden prosessityöntekijät Jalkine- ja laukkuteollisuuden prosessityöntekijät Pesulatyöntekijät Pesulatyöntekijät Muut tekstiili-, turkis- ja nahkatuoteteollisuuden prosessityöntekijät Elintarviketeollisuuden prosessityöntekijät Elintarviketeollisuuden prosessityöntekijät Elintarviketeollisuuden prosessityöntekijät Elintarviketeollisuuden prosessityöntekijät Elintarviketeollisuuden prosessityöntekijät Elintarviketeollisuuden prosessityöntekijät Elintarviketeollisuuden prosessityöntekijät Elintarviketeollisuuden prosessityöntekijät Elintarviketeollisuuden prosessityöntekijät Sahatavaran sekä paperin ja kartongin valmistuksen prosessityöntekijät Paperimassan sekä paperin ja kartongin valmistuksen prosessityöntekijät Paperimassan sekä paperin ja kartongin valmistuksen prosessityöntekijät Puu- ja sahatavaran prosessityöntekijät Muut prosessityöntekijät Muut prosessityöntekijät Muut prosessityöntekijät Muut prosessityöntekijät Muut prosessityöntekijät Muut prosessityöntekijät Muut muualla luokittelemattomat prosessityöntekijät Muut muualla luokittelemattomat prosessityöntekijät Muut muualla luokittelemattomat prosessityöntekijät Kuljetustyöntekijät Kuljetustyöntekijät Kuljetustyöntekijät Raideliikenteen kuljettajat ja työntekijät Jarru-, turvalaite- ja vaihdetyöntekijät Kansimiehistö ym. vesiliikenteen työntekijät Kansimiehistö ym. vesiliikenteen työntekijät Muut työntekijät Muut työntekijät Muut työntekijät Muut työntekijät Muut työntekijät Siivoojat, kotiapulaiset ja muut puhdistustyöntekijät Siivoojat, kotiapulaiset ja muut puhdistustyöntekijät Siivoojat, kotiapulaiset ja muut puhdistustyöntekijät Siivoojat, kotiapulaiset ja muut puhdistustyöntekijät Muut puhdistustyöntekijät Maa-, metsä- ja kalatalouden avustavat työntekijät Maa-, metsä- ja kalatalouden avustavat työntekijät Maa-, metsä- ja kalatalouden avustavat työntekijät Maa-, metsä- ja kalatalouden avustavat työntekijät Maanviljelyn avustavat työntekijät Karjankasvatuksen avustavat työntekijät Yhdistetyn maanviljelyn ja karjankasvatuksen avustavat työntekijät Avustavat puutarhatyöntekijät Metsätalouden avustavat työntekijät Kalatalouden ja vesiviljelyn avustavat työntekijät Kalatalouden ja vesiviljelyn avustavat työntekijät Teollisuuden ja rakentamisen avustavat työntekijät Teollisuuden ja rakentamisen avustavat työntekijät Teollisuuden ja rakentamisen avustavat työntekijät Avustavat kaivos- ja rakennustyöntekijät Kaivosten avustavat työntekijät Maa- ja vesirakentamisen avustavat työntekijät Rakennusalan avustavat työntekijät Valmistusalan avustavat työntekijät Muut valmistusalan avustavat työntekijät Rahdinkäsittelijät ja varastotyöntekijät ym. Rahdinkäsittelijät ja varastotyöntekijät ym. Rahdinkäsittelijät ja varastotyöntekijät ym. Rahdinkäsittelijät, varastotyöntekijät ym. Avustavat keittiö- ja ruokatyöntekijät Avustavat keittiö- ja ruokatyöntekijät Avustavat keittiö- ja ruokatyöntekijät Avustavat keittiö- ja ruokatyöntekijät Pikaruokatyöntekijät Pikaruokatyöntekijät Pikaruokatyöntekijät Avustavat keittiötyöntekijät Avustavat keittiötyöntekijät Katujen puhtaanapidon ja jätehuollon työntekijät ym. Katujen puhtaanapidon ja jätehuollon työntekijät ym. Jätehuoltotyöntekijät Satunnaistöiden tekijät Satunnaistöiden tekijät Satunnaistöiden tekijät Satunnaistöiden tekijät Muut muualla luokittelemattomat työntekijät","Terveystarkastajat ja ympäristönsuojelutyöntekijät|Ympäristönsuojelutyöntekijät|Terveystarkastajat ja ympäristönsuojelutyöntekijät|Ympäristönsuojelutyöntekijät|Seurakuntatyöntekijät|Sosiaalityöntekijät|Diakonit ja seurakuntatyöntekijät|Muut seurakuntatyöntekijät|Toimisto- ja asiakaspalvelutyöntekijät|Palvelu-, myynti- ja hoitotyöntekijät|Rakennus-, korjaus- ja valmistustyöntekijät|Prosessi- ja kuljetustyöntekijät|Palvelu- ja suojelutyöntekijät ym.|Prosessityöntekijät|Suojelu- ja vartiointityöntekijät|Metalliteollisuuden prosessityöntekijät|Puunjalostuksen ja paperinvalmistuksen prosessityöntekijät|Sulatto- ja sulatusuunityöntekijät|Palvelu- ja suojelutyöntekijät ym.|Hienomekaniikan ja taideteollisuuden työntekijät|Instrumentintekijät ja instrumenttiasentajat|Instrumentintekijät ja instrumenttiasentajat|Instrumentintekijät ja instrumenttiasentajat|Henkilökohtaisen palvelun työntekijät|Suojelu- ja vartiointityöntekijät|Terveystarkastajat ja ympäristönsuojelutyöntekijät|Ympäristönsuojelutyöntekijät|Toimistotyöntekijät|Asiakaspalvelutyöntekijät|Palvelu- ja suojelutyöntekijät ym.|Rahaliikenteen asiakaspalvelutyöntekijät|Muut asiakaspalvelutyöntekijät|Suojelu- ja vartiointityöntekijät|Toimistotyöntekijät|Palvelu- ja suojelutyöntekijät ym.|Seurakuntatyöntekijät|Sosiaalityöntekijät|Diakonit ja seurakuntatyöntekijät|Muut seurakuntatyöntekijät|Kirjastojen, postitoimistojen ym. työntekijät|Ravintola- ja suurtaloustyöntekijät|Kirjasto-, arkisto- ja museotyöntekijät|Toimisto- ja asiakaspalvelutyöntekijät|Toimistotyöntekijät|Muut toimistotyöntekijät|Muut toimistotyöntekijät|Muut toimistotyöntekijät|Muut toimistotyöntekijät|Asiakaspalvelutyöntekijät|Rahaliikenteen asiakaspalvelutyöntekijät|Muut asiakaspalvelutyöntekijät|Toimistotyöntekijät|Kuljetuksen ja varastoinnin toimistotyöntekijät|Raideliikenteen ohjaajat ja muut kuljetuksen toimistotyöntekijät|Muut kuljetuksen ja huolinnan toimistotyöntekijät|Toimistotyöntekijät|Kirjastojen, postitoimistojen ym. työntekijät|Muut toimistotyöntekijät|Kirjasto-, arkisto- ja museotyöntekijät|Muut toimistotyöntekijät|Muut toimistotyöntekijät|Muut toimistotyöntekijät|Kirjasto-, arkisto- ja museotyöntekijät|Muut toimistotyöntekijät|Muut toimistotyöntekijät|Toimisto- ja asiakaspalvelutyöntekijät|Palvelu-, myynti- ja hoitotyöntekijät|Maanviljelijät, metsätyöntekijät ym.|Rakennus-, korjaus- ja valmistustyöntekijät|Muut työntekijät|Asiakaspalvelutyöntekijät|Palvelu- ja suojelutyöntekijät ym.|Maanviljelijät, metsätyöntekijät ym.|Muut palvelutyöntekijät|Matkustuspalvelutyöntekijät|Ravintola- ja suurtaloustyöntekijät|Ravintola- ja suurtaloustyöntekijät|Tarjoilutyöntekijät|Tarjoilutyöntekijät|Henkilökohtaisen palvelun työntekijät|Muut asiakaspalvelutyöntekijät|Ravintola- ja suurtaloustyöntekijät|Henkilökohtaisen palvelun työntekijät|Kiinteistötyöntekijät, ikkunanpesijät ym.|Muut henkilökohtaisen palvelun työntekijät|Henkilökohtaisen palvelun työntekijät|Muut henkilökohtaisen palvelun työntekijät|Hautauspalvelutyöntekijät|Muut hautaustyöntekijät|Apteekkien lääketyöntekijät ym.|Muut henkilökohtaisen palvelun työntekijät|Toimistotyöntekijät|Asiakaspalvelutyöntekijät|Palvelu- ja suojelutyöntekijät ym.|Konepaja- ja valimotyöntekijät sekä asentajat ja korjaajat|Muut palvelutyöntekijät|Rahaliikenteen asiakaspalvelutyöntekijät|Ravintola- ja suurtaloustyöntekijät|Tarjoilutyöntekijät|Ravintola- ja suurtaloustyöntekijät|Tarjoilutyöntekijät|Palvelu- ja suojelutyöntekijät ym.|Lastenhoitotyöntekijät|Henkilökohtaisen palvelun työntekijät|Lastenhoitotyöntekijät|Sosiaalityöntekijät|Apteekkien lääketyöntekijät ym.|Apteekkien lääketyöntekijät|Palvelu- ja suojelutyöntekijät ym.|Maanviljelijät, metsätyöntekijät ym.|Muut palvelutyöntekijät|Suojelu- ja vartiointityöntekijät|Maanviljelijät, metsätyöntekijät ym.|Maanviljelijät, metsätyöntekijät ym.|Peltoviljelijät ja peltoviljelytyöntekijät|Peltoviljelytyönjohtajat ja -työntekijät|Puutarha- ja kasvihuoneviljelijät ja -työntekijät|Puutarha- ja kasvihuoneviljelijät ja -työntekijät|Puutarha-  ja kasvihuonetyöntekijät|Peltoviljelijät ja peltoviljelytyöntekijät|Puutarha- ja kasvihuoneviljelijät ja -työntekijät|Yhdistetyn maanviljelyn ja eläintenhoidon harjoittajat ja työntekijät|Yhdistetyn maanviljelyn ja eläintenhoidon harjoittajat ja työntekijät|Maanviljelijät, metsätyöntekijät ym.|Metsurit ja metsätyöntekijät|Metsurit ja metsätyöntekijät|Kalanviljely-yrittäjät ja -työntekijät|Kalanviljelytyönjohtajat ja -työntekijät|Rakennus-, korjaus- ja valmistustyöntekijät|Prosessi- ja kuljetustyöntekijät|Kaivos-, louhos- ja rakennustyöntekijät|Kaivostyöntekijät, panostajat, kivenhakkaajat ym.|Rakennustyöntekijät ym.|Rakennustyöntekijät|Muut rakennustyöntekijät ja -korjaajat ym.|Rakennustyöntekijät|Rakennustyöntekijät|Muut rakennustyöntekijät ja -korjaajat ym.|Rakennustyöntekijät ym.|Rakennusten viimeistelytyöntekijät|Lattianpäällystystyöntekijät|Rakennustyöntekijät ym.|Konepaja- ja valimotyöntekijät sekä asentajat ja korjaajat|Valimotyöntekijät, hitsaajat, levysepät ym.|Muovaajat ja keernantekijät|Paksulevysepät ja rautarakennetyöntekijät|Sepät, työkaluntekijät ja koneenasettajat|Työkaluntekijät ja lukkosepät|Hienomekaniikan ja taideteollisuuden työntekijät|Muut valmistustyöntekijät|Savenvalajat, lasihyttityöntekijät ym.|Puu-, tekstiili-, nahka- ym. käsityötuotteiden tekijät|Instrumentintekijät ja instrumenttiasentajat|Soittimien tekijät ja virittäjät|Puu-, tekstiili-, nahka- ym. käsityötuotteiden tekijät|Korin- ja harjantekijät ym.|Puu-, tekstiili-, nahka- ym. käsityötuotteiden tekijät|Puu-, tekstiili-, nahka- ym. käsityötuotteiden tekijät|Kirjansitomotyöntekijät|Kaivos-, louhos- ja rakennustyöntekijät|Konepaja- ja valimotyöntekijät sekä asentajat ja korjaajat|Rakennusten viimeistelytyöntekijät|Kaivos-, louhos- ja rakennustyöntekijät|Konepaja- ja valimotyöntekijät sekä asentajat ja korjaajat|Hienomekaniikan ja taideteollisuuden työntekijät|Muut valmistustyöntekijät|Rakennusten viimeistelytyöntekijät|Muut rakennusten viimeistelytyöntekijät|Vaatturit, pukuompelijat ja hatuntekijät|Suutarit, jalkinemallintekijät ym.|Kaivostyöntekijät, panostajat, kivenhakkaajat ym.|Valimotyöntekijät, hitsaajat, levysepät ym.|Vedenalaistyöntekijät|Instrumentintekijät ja instrumenttiasentajat|Rakennus-, korjaus- ja valmistustyöntekijät|Prosessi- ja kuljetustyöntekijät|Muut työntekijät|Kaivos-, louhos- ja rakennustyöntekijät|Hienomekaniikan ja taideteollisuuden työntekijät|Muut valmistustyöntekijät|Prosessityöntekijät|Muut palvelutyöntekijät|Teollisuuden ja rakentamisen avustavat työntekijät|Kaivostyöntekijät, panostajat, kivenhakkaajat ym.|Kaivos- ja louhostyöntekijät|Kaivos- ja louhostyöntekijät|Rikastustyöntekijät|Kaivos- ja louhostyöntekijät|Metalliteollisuuden prosessityöntekijät|Sulatto- ja sulatusuunityöntekijät|Valokuvalaboratorioiden työntekijät|Suutarit, jalkinemallintekijät ym.|Puunjalostuksen ja paperinvalmistuksen prosessityöntekijät|Lasi- ja keramiikkateollisuuden työntekijät|Pakkaajat ja muut avustavat teollisuustyöntekijät ym.|Muut lasi- ja keramiikkateollisuuden työntekijät|Kuljettajat, vesiliikennetyöntekijät ym.|Teollisuuden ja rakentamisen avustavat työntekijät|Rahdinkäsittelijät, varastotyöntekijät ym.|Rahdinkäsittelijät, varastotyöntekijät ym.|Rahdinkäsittelijät, varastotyöntekijät ym.|Kansi- ja konemiehistö ym. vesiliikenteen työntekijät|Kansi- ja konemiehistö ym. vesiliikenteen työntekijät|Toimisto- ja asiakaspalvelutyöntekijät|Palvelu-, myynti- ja hoitotyöntekijät|Maanviljelijät, metsätyöntekijät ym.|Muut työntekijät|Asiakaspalvelutyöntekijät|Palvelu- ja suojelutyöntekijät ym.|Muut palvelutyöntekijät|Muut asiakaspalvelutyöntekijät|Henkilökohtaisen palvelun työntekijät|Muut henkilökohtaisen palvelun työntekijät|Lastenhoitotyöntekijät|Kiinteistötyöntekijät, ikkunanpesijät ym.|Maanviljelijät, metsätyöntekijät ym.|Maa- ja metsätalouden avustavat työntekijät|Maa- ja metsätalouden avustavat työntekijät|Maa- ja metsätalouden avustavat työntekijät|Maa- ja metsätalouden avustavat työntekijät|Maa- ja metsätalouden avustavat työntekijät|Maa- ja metsätalouden avustavat työntekijät|Maa- ja metsätalouden avustavat työntekijät|Kalanviljely-yrittäjät ja -työntekijät|Kalanviljelytyönjohtajat ja -työntekijät|Maa- ja metsätalouden avustavat työntekijät|Teollisuuden ja rakentamisen avustavat työntekijät|Kaivos- ja rakennusalan ym. alojen avustavat työntekijät|Kaivosten avustavat työntekijät|Maa- ja vesirakennusalan avustavat työntekijät|Rakennusalan avustavat työntekijät|Pakkaajat ja muut avustavat teollisuustyöntekijät ym.|Maa- ja metsätalouden avustavat työntekijät|Rahdinkäsittelijät, varastotyöntekijät ym.|Maa- ja metsätalouden avustavat työntekijät|Rahdinkäsittelijät, varastotyöntekijät ym.|Palvelu- ja suojelutyöntekijät ym.|Muut palvelutyöntekijät|Ravintola- ja suurtaloustyöntekijät|Tarjoilutyöntekijät|Muut palvelutyöntekijät|Muut palvelutyöntekijät|Teollisuuden ja rakentamisen avustavat työntekijät|Puhdistustyöntekijät|Jäte- ja kaatopaikkatyöntekijät|Jäte- ja kaatopaikkatyöntekijät|Kaivos- ja rakennusalan ym. alojen avustavat työntekijät|Pakkaajat ja muut avustavat teollisuustyöntekijät ym.|Rakennusalan avustavat työntekijät"
"13","kirjastovirkailija",267,NA,NA,NA,TRUE,"",""
"14","palvelusihteeri",253,NA,NA,NA,TRUE,"",""
"15","tuntiopettaja",238,NA,NA,NA,TRUE,"Assistentit ja tuntiopettajat (yliopisto) Tuntiopettajat ym. (AMK)","Assistentit ja tuntiopettajat|Peruskoulun ja lukion lehtorit ja tuntiopettajat|Muut peruskoulun ja lukion lehtorit ja tuntiopettajat|Peruskoulun ja lukion lehtorit ja tuntiopettajat|Muut peruskoulun ja lukion lehtorit ja tuntiopettajat"
"16","sosiaaliohjaaja",196,NA,NA,NA,TRUE,"",""
"17","kokki",189,NA,NA,NA,TRUE,"",""
"18","ryhmäperhepäivähoitaja",171,NA,NA,NA,TRUE,"",""
"19","koulusihteeri",161,NA,NA,NA,TRUE,"",""
"20","palkkasihteeri",159,NA,NA,NA,TRUE,"",""
"21","perhetyöntekijä",158,NA,NA,NA,TRUE,"",""
"22","esimies",153,NA,NA,NA,TRUE,"",""
"23","apulaisosastonhoitaja",147,NA,NA,NA,TRUE,"",""
"24","kanslisti",126,NA,NA,NA,TRUE,"",""
"25","ammattimies",123,NA,NA,NA,TRUE,"",""
"26","kuntohoitaja",116,NA,NA,NA,TRUE,"Hierojat ja kuntohoitajat","Kuntohoitajat, jalkojenhoitajat ym.|Kuntohoitajat, jalkojenhoitajat ym.|Kuntohoitajat, jalkojenhoitajat ym."
"27","ruokapalvelu",116,NA,NA,NA,TRUE,"",""
"28","kouluohjaaja",109,NA,NA,NA,TRUE,"",""
"29","suurtalouskokki",108,NA,NA,NA,TRUE,"",""
"30","ruokapalveluesimies",105,NA,NA,NA,TRUE,"",""
"31","kiinteistönhoitaja",103,NA,NA,NA,TRUE,"",""
"32","palveluohjaaja",103,NA,NA,NA,TRUE,"",""
"33","ravitsemustyöntekijä",96,NA,NA,NA,TRUE,"",""
"34","yhdyskuntarakentaja",92,NA,NA,NA,TRUE,"",""
"35","hallintosihteeri",87,NA,NA,NA,TRUE,"",""
"36","kirjastonhoitaja",87,NA,NA,NA,TRUE,"Kirjastonhoitajat, informaatikot ym.","Arkiston- ja kirjastonhoitajat sekä museoalan erityisasiantuntijat|Kirjastonhoitajat, informaatikot ym.|Arkiston- ja kirjastonhoitajat sekä museoalan erityisasiantuntijat|Kirjastonhoitajat, informaatikot ym.|Arkiston- ja kirjastonhoitajat sekä museoalan erityisasiantuntijat|Arkiston- ja kirjastonhoitajat sekä museoalan erityisasiantuntijat|Arkiston- ja kirjastonhoitajat sekä museoalan erityisasiantuntijat"
"37","osastonylilääkäri",76,NA,NA,NA,TRUE,"",""
"38","palveluesimies",76,NA,NA,NA,TRUE,"",""
"39","suunnittelija",74,NA,NA,NA,TRUE,"Arkkitehdit, suunnittelijat ja maanmittaajat Arkkitehdit, suunnittelijat ja maanmittaajat Tuote- ja vaatesuunnittelijat Tuote- ja vaatesuunnittelijat Yhdyskunta- ja liikennesuunnittelijat Yhdyskunta- ja liikennesuunnittelijat Graafiset ja multimediasuunnittelijat Graafiset ja multimediasuunnittelijat Henkilöstöhallinnon erityisasiantuntijat ja urasuunnittelijat Henkilöstöhallinnon erityisasiantuntijat ja urasuunnittelijat Henkilöstöhallinnon erityisasiantuntijat ja urasuunnittelijat Sovellussuunnittelijat Tietokantasuunnittelijat ja -vastaavat Sosiaalialan suunnittelijat ym. Sisustussuunnittelijat ym. Sisustussuunnittelijat ym. Sisustussuunnittelijat ym. Sisustussuunnittelijat ym.","Kuvataiteilijat, taideteollisen alan suunnittelijat ym.|Taideteollisen alan suunnittelijat ja taiteilijat|Kuvataiteilijat, taideteollisen alan suunnittelijat ym.|Graafiset suunnittelijat|Muut opettajat ja koulutussuunnittelijat|Muut opettajat ja koulutussuunnittelijat|Koulutuspäälliköt, -suunnittelijat ja kouluttajat|Muut opettajat ja koulutussuunnittelijat|Koulutuspäälliköt, -suunnittelijat ja kouluttajat|Muut opettajat ja koulutussuunnittelijat|Muut opettajat ja koulutussuunnittelijat|Koulutuspäälliköt, -suunnittelijat ja kouluttajat|Henkilöstösuunnittelijat ym.|Muut opettajat ja koulutussuunnittelijat|Koulutuspäälliköt, -suunnittelijat ja kouluttajat|Henkilöstösuunnittelijat ym.|Tietotekniikan suunnittelijat ja ohjelmoijat|Tietotekniikan suunnittelijat ja ohjelmoijat|Tietotekniikan suunnittelijat ja ohjelmoijat|Tietotekniikan suunnittelijat ja ohjelmoijat|Tietotekniikan suunnittelijat ja ohjelmoijat|Tietotekniikan suunnittelijat ja ohjelmoijat|Tietotekniikan suunnittelijat ja ohjelmoijat|Sosiaalialan suunnittelijat|Kuvataiteilijat, taideteollisen alan suunnittelijat ym.|Graafiset suunnittelijat|Taideteollisen alan suunnittelijat ja taiteilijat|Kuvataiteilijat, taideteollisen alan suunnittelijat ym.|Taideteollisen alan suunnittelijat ja taiteilijat|Henkilöstösuunnittelijat ym.|Kuvataiteilijat, taideteollisen alan suunnittelijat ym.|Taideteollisen alan suunnittelijat ja taiteilijat"
"40","kotiavustaja",73,NA,NA,NA,TRUE,"","Kodinhoitajat ja kotiavustajat"
"41","kuntoutusohjaaja",73,NA,NA,NA,TRUE,"",""
"42","laskentasihteeri",69,NA,NA,NA,TRUE,"",""
"43","aineenopettaja",66,NA,NA,NA,TRUE,"Aineenopettajat (peruskoulun alaluokat) Aineenopettajat (peruskoulun alaluokat) Aineenopettajat (peruskoulun alaluokat) Aineenopettajat (peruskoulun alaluokat)","Aineenopettajat ja lehtorit|Aineenopettajat ja lehtorit|Aineenopettajat ja lehtorit|Aineenopettajat ja lehtorit|Aineenopettajat ja lehtorit"
"44","palvelupäällikkö",66,NA,NA,NA,TRUE,"",""
"45","erityisavustaja",65,NA,NA,NA,TRUE,"",""
"46","koulukuraattori",65,NA,NA,NA,TRUE,"",""
"47","erikoissairaanhoitaja",62,NA,NA,NA,TRUE,"",""
"48","ryhmäavustaja",62,NA,NA,NA,TRUE,"",""
"49","päällikkö",60,NA,NA,NA,TRUE,"","Päällikkötoimittajat"
"50","erityislastentarhanopettaja",59,NA,NA,NA,TRUE,"",""
"51","luokanopettaja rehtori",55,NA,NA,NA,TRUE,"",""
"52","työnjohtaja",55,NA,NA,NA,TRUE,"Työnjohtajat kaivos-, teollisuus- ja rakennustoiminnassa Työnjohtajat kaivos-, teollisuus- ja rakennustoiminnassa Työnjohtajat kaivos-, teollisuus- ja rakennustoiminnassa Kaivostyönjohtajat Teollisuuden työnjohtajat Teollisuuden työnjohtajat Teollisuuden työnjohtajat Teollisuuden työnjohtajat Teollisuuden työnjohtajat Teollisuuden työnjohtajat Rakennusalan työnjohtajat Rakennusalan työnjohtajat Rakennusalan työnjohtajat Rakennusalan työnjohtajat Rakennusalan työnjohtajat Peltoviljelytyönjohtajat ja -työntekijät Puutarha- ja kasvihuonetyönjohtajat ja - työntekijät Puutarha- ja kasvihuonetyönjohtajat ja - työntekijät Kalanviljelytyönjohtajat ja -työntekijät","Siivoustyönjohtajat|Peltoviljelytyönjohtajat ja -työntekijät|Puutarha- ja kasvihuonetyönjohtajat|Kalanviljelytyönjohtajat ja -työntekijät|Kalanviljelytyönjohtajat ja -työntekijät"
"53","laitosmies",54,NA,NA,NA,TRUE,"",""
"54","kielen lehtori",53,NA,NA,NA,TRUE,"",""
"55","ylipalomies",53,NA,NA,NA,TRUE,"",""
"56","järjestelmäasiantuntija",52,NA,NA,NA,TRUE,"",""
"57","palomestari",52,NA,NA,NA,TRUE,"",""
"58","huoltomies",51,NA,NA,NA,TRUE,"",""
"59","etuuskäsittelijä",49,NA,NA,NA,TRUE,"",""
"60","osastosihteeri",49,NA,NA,NA,TRUE,"Johdon sihteerit ja osastosihteerit Johdon sihteerit ja osastosihteerit Johdon sihteerit ja osastosihteerit","Johdon sihteerit, osastosihteerit ym.|Johdon sihteerit, osastosihteerit ym."
"61","kirjanpitäjä",46,NA,NA,NA,TRUE,"","Kirjanpitäjät ym.|Kirjanpitäjät ym.|Kirjanpitäjät ym."
"62","rakennustarkastaja",45,NA,NA,NA,TRUE,"",""
"63","aineiden lehtori",42,NA,NA,NA,TRUE,"",""
"64","mielisairaanhoitaja",42,NA,NA,NA,TRUE,"",""
"65","liikunnanohjaaja",41,NA,NA,NA,TRUE,"Urheilijat, urheiluvalmentajat, liikunnanohjaajat ym. Urheilijat, urheiluvalmentajat, liikunnanohjaajat ym.","Urheilijat, urheiluvalmentajat, liikunnanohjaajat ym.|Urheilijat, urheiluvalmentajat, liikunnanohjaajat ym.|Urheilijat, urheiluvalmentajat, liikunnanohjaajat ym.|Urheilu- ja liikunnanohjaajat"
"66","lääkintävahtimestari",39,NA,NA,NA,TRUE,"","Lääkintävahtimestari-sairaankuljettajat"
"67","projektipäällikkö",39,NA,NA,NA,TRUE,"",""
"68","siistijä",38,NA,NA,NA,TRUE,"",""
"69","suunnitteluinsinööri",38,NA,NA,NA,TRUE,"",""
"70","vanhempi lehtori",38,NA,NA,NA,TRUE,"",""
"71","koulunkäyntiohjaaja",37,NA,NA,NA,TRUE,"",""
"72","lähihoitaja lastenhoitaja",37,NA,NA,NA,TRUE,"",""
"73","palvelu",37,NA,NA,NA,TRUE,"Tuotantotoiminnan ja yhteiskunnan peruspalvelujen johtajat Tuotantotoiminnan ja yhteiskunnan peruspalvelujen johtajat Tuotantotoiminnan ja yhteiskunnan peruspalvelujen johtajat Yhteiskunnan peruspalvelujen sekä rahoitus- ja vakuutuspalvelujen johtajat Yhteiskunnan peruspalvelujen sekä rahoitus- ja vakuutuspalvelujen johtajat Yhteiskunnan peruspalvelujen sekä rahoitus- ja vakuutuspalvelujen johtajat Yhteiskunnan peruspalvelujen sekä rahoitus- ja vakuutuspalvelujen johtajat Rahoitus- ja vakuutuspalvelujen johtajat Rahoitus- ja vakuutuspalvelujen johtajat Rahoitus- ja vakuutuspalvelujen johtajat Rahoitus- ja vakuutuspalvelujen johtajat Muut yhteiskunnan palvelujen johtajat Muut yhteiskunnan palvelujen johtajat Muut yhteiskunnan palvelujen johtajat Muut yhteiskunnan palvelujen johtajat Hotelli- ja ravintola-alan, vähittäiskaupan ja muiden palvelualojen johtajat Hotelli- ja ravintola-alan, vähittäiskaupan ja muiden palvelualojen johtajat Hotelli- ja ravintola-alan, vähittäiskaupan ja muiden palvelualojen johtajat Muiden palvelualojen johtajat Muiden palvelualojen johtajat Muiden palvelualojen johtajat Muut palvelualojen johtajat Muut palvelualojen johtajat Muut palvelualojen johtajat Muut palvelualojen johtajat Muut palvelualojen johtajat Vakuutusalan palvelumyyjät Vakuutusalan palvelumyyjät Yrityspalveluiden välittäjät Yrityspalveluiden välittäjät Yrityspalveluiden välittäjät Toimisto- ja asiakaspalvelutyöntekijät Toimisto- ja asiakaspalvelutyöntekijät Toimisto- ja asiakaspalvelutyöntekijät Toimisto- ja asiakaspalvelutyöntekijät Asiakaspalvelutyöntekijät Asiakaspalvelutyöntekijät Rahaliikenteen asiakaspalvelutyöntekijät Muut asiakaspalvelutyöntekijät Muut asiakaspalvelutyöntekijät Muut asiakaspalvelutyöntekijät Puhelinpalveluneuvojat Puhelinpalveluneuvojat Muualla luokittelemattomat asiakaspalvelutyöntekijät Muualla luokittelemattomat asiakaspalvelutyöntekijät Muut muualla luokittelemattomat asiakaspalvelutyöntekijät Muut toimisto- ja asiakaspalvelutyöntekijät Muut toimisto- ja asiakaspalvelutyöntekijät Muut toimisto- ja asiakaspalvelutyöntekijät Muut toimisto- ja asiakaspalvelutyöntekijät Muut toimisto- ja asiakaspalvelutyöntekijät Muut toimisto- ja asiakaspalvelutyöntekijät Muut toimisto- ja asiakaspalvelutyöntekijät Muut toimisto- ja asiakaspalvelutyöntekijät Muut toimisto- ja asiakaspalvelutyöntekijät Muut muualla luokittelemattomat toimisto- ja asiakaspalvelutyöntekijät Muut muualla luokittelemattomat toimisto- ja asiakaspalvelutyöntekijät Muut muualla luokittelemattomat toimisto- ja asiakaspalvelutyöntekijät Muut muualla luokittelemattomat toimisto- ja asiakaspalvelutyöntekijät Palvelu- ja myyntityöntekijät Palvelu- ja myyntityöntekijät Palvelu- ja myyntityöntekijät Palvelu- ja myyntityöntekijät Palvelu- ja myyntityöntekijät Palvelu- ja myyntityöntekijät Palvelu- ja myyntityöntekijät Palvelu- ja myyntityöntekijät Palvelutyöntekijät Palvelutyöntekijät Palvelutyöntekijät Palvelutyöntekijät Palvelutyöntekijät Palvelutyöntekijät Matkustuspalvelutyöntekijät, konduktöörit ja oppaat Muut henkilökohtaisen palvelun työntekijät Muut henkilökohtaisen palvelun työntekijät Muut henkilökohtaisen palvelun työntekijät Muut henkilökohtaisen palvelun työntekijät Hautauspalvelutyöntekijät Muualla luokittelemattomat henkilökohtaisen palvelun työntekijät Puhelin- ja asiakaspalvelukeskusten myyjät Hoivapalvelun ja terveydenhuollon työntekijät Hoivapalvelun ja terveydenhuollon työntekijät Kodinhoitajat (kotipalvelutoiminta) Kotityöpalvelutyöntekijät","Yrityspalvelu- ym. yritysten johtajat|Yrityspalvelutoiminnan pienyritysten johtajat|Liikealan ja muiden palvelualojen asiantuntijat|Yrityspalvelu- ym. yritysten johtajat|Liikealan ja muiden palvelualojen asiantuntijat|Yrityspalvelutoiminnan pienyritysten johtajat|Liikealan ja muiden palvelualojen asiantuntijat|Liike-elämän palvelujen välittäjät|Liikealan ja muiden palvelualojen asiantuntijat|Toimisto- ja asiakaspalvelutyöntekijät|Palvelu-, myynti- ja hoitotyöntekijät|Palvelu- ja suojelutyöntekijät ym.|Palvelu- ja suojelutyöntekijät ym.|Henkilökohtaisen palvelun työntekijät|Liikealan ja muiden palvelualojen asiantuntijat|Asiakaspalvelutyöntekijät|Palvelu- ja suojelutyöntekijät ym.|Rahaliikenteen asiakaspalvelutyöntekijät|Liike-elämän palvelujen välittäjät|Liike-elämän palvelujen välittäjät|Muut liike-elämän palvelujen välittäjät|Muut asiakaspalvelutyöntekijät|Liikealan ja muiden palvelualojen asiantuntijat|Palvelu- ja suojelutyöntekijät ym.|Toimisto- ja asiakaspalvelutyöntekijät|Liikealan ja muiden palvelualojen asiantuntijat|Liikealan ja muiden palvelualojen asiantuntijat|Asiakaspalvelutyöntekijät|Rahaliikenteen asiakaspalvelutyöntekijät|Muut asiakaspalvelutyöntekijät|Liikealan ja muiden palvelualojen asiantuntijat|Liikealan ja muiden palvelualojen asiantuntijat|Toimisto- ja asiakaspalvelutyöntekijät|Palvelu-, myynti- ja hoitotyöntekijät|Asiakaspalvelutyöntekijät|Palvelu- ja suojelutyöntekijät ym.|Muut palvelutyöntekijät|Matkustuspalvelutyöntekijät|Henkilökohtaisen palvelun työntekijät|Muut asiakaspalvelutyöntekijät|Henkilökohtaisen palvelun työntekijät|Muut henkilökohtaisen palvelun työntekijät|Henkilökohtaisen palvelun työntekijät|Muut henkilökohtaisen palvelun työntekijät|Hautauspalvelutyöntekijät|Muut henkilökohtaisen palvelun työntekijät|Liikealan ja muiden palvelualojen asiantuntijat|Asiakaspalvelutyöntekijät|Palvelu- ja suojelutyöntekijät ym.|Muut palvelutyöntekijät|Rahaliikenteen asiakaspalvelutyöntekijät|Palvelu- ja suojelutyöntekijät ym.|Henkilökohtaisen palvelun työntekijät|Palvelu- ja suojelutyöntekijät ym.|Muut palvelutyöntekijät|Muut palvelutyöntekijät|Toimisto- ja asiakaspalvelutyöntekijät|Palvelu-, myynti- ja hoitotyöntekijät|Asiakaspalvelutyöntekijät|Palvelu- ja suojelutyöntekijät ym.|Muut palvelutyöntekijät|Muut asiakaspalvelutyöntekijät|Henkilökohtaisen palvelun työntekijät|Muut henkilökohtaisen palvelun työntekijät|Palvelu- ja suojelutyöntekijät ym.|Muut palvelutyöntekijät|Muut palvelutyöntekijät|Muut palvelutyöntekijät"
"74","apulaisrehtori",36,NA,NA,NA,TRUE,"",""
"75","lektor",36,NA,NA,NA,TRUE,"",""
"76","paloesimies",36,NA,NA,NA,TRUE,"",""
"77","perheohjaaja",36,NA,NA,NA,TRUE,"",""
"78","tilahuoltaja",36,NA,NA,NA,TRUE,"",""
"79","taloussihteeri",35,NA,NA,NA,TRUE,"",""
"80","työfysioterapeutti",33,NA,NA,NA,TRUE,"",""
"81","apulaisylilääkäri",32,NA,NA,NA,TRUE,"",""
"82","lääketyöntekijä",32,NA,NA,NA,TRUE,"Apteekkien lääketyöntekijät","Apteekkien lääketyöntekijät ym.|Apteekkien lääketyöntekijät ym.|Apteekkien lääketyöntekijät"
"83","nuorisotyöntekijä",32,NA,NA,NA,TRUE,"",""
"84","toimistovirkailija",32,NA,NA,NA,TRUE,"Matkatoimistovirkailijat Matkatoimistovirkailijat","Matkatoimistovirkailijat"
"85","asiakaspalvelusihteeri",31,NA,NA,NA,TRUE,"",""
"86","suunnitteluavustaja",31,NA,NA,NA,TRUE,"",""
"87","työnohjaaja",31,NA,NA,NA,TRUE,"",""
"88","atk-suunnittelija",30,NA,NA,NA,TRUE,"",""
"89","hallintopäällikkö",28,NA,NA,NA,TRUE,"",""
"90","kolmiperhehoitaja",28,NA,NA,NA,TRUE,"",""
"91","koordinaattori",28,NA,NA,NA,TRUE,"",""
"92","maaseutuasiamies",28,NA,NA,NA,TRUE,"",""
"93","talouspäällikkö",28,NA,NA,NA,TRUE,"",""
"94","ympäristötarkastaja",28,NA,NA,NA,TRUE,"",""
"95","atk-tukihenkilö",26,NA,NA,NA,TRUE,"",""
"96","kunnaneläinlääkäri",26,NA,NA,NA,TRUE,"",""
"97","rehtori luokanopettaja",26,NA,NA,NA,TRUE,"",""
"98","käyttöpäällikkö",25,NA,NA,NA,TRUE,"",""
"99","sähköasentaja",25,NA,NA,NA,TRUE,"Rakennustyöntekijät ym. (pl. sähköasentajat) Rakennustyöntekijät ym. (pl. sähköasentajat) Rakennussähköasentajat Rakennussähköasentajat Muut sähköasentajat Muut sähköasentajat","Rakennussähköasentajat|Rakennussähköasentajat"
"100","asiakasneuvoja",24,NA,NA,NA,TRUE,"Informaatiopisteen asiakasneuvojat",""
"101","koulupsykologi",24,NA,NA,NA,TRUE,"",""
"102","palomies-sairaankuljettaja",24,NA,NA,NA,TRUE,"",""
"103","sovellusasiantuntija",24,NA,NA,NA,TRUE,"",""
"104","vanhustyöntekijä",24,NA,NA,NA,TRUE,"",""
"105","työntekijä",23,NA,NA,NA,TRUE,"Sosiaalityöntekijät ym. Sosiaalityöntekijät ym. Lainopilliset asiantuntijat sekä sosiaalialan ja seurakunnan työntekijät Lainopilliset asiantuntijat sekä sosiaalialan ja seurakunnan työntekijät Lainopilliset asiantuntijat sekä sosiaalialan ja seurakunnan työntekijät Lainopilliset asiantuntijat sekä sosiaalialan ja seurakunnan työntekijät Lainopilliset asiantuntijat sekä sosiaalialan ja seurakunnan työntekijät Seurakuntatyöntekijät Muut seurakuntatyöntekijät Gallerioiden, museoiden ja kirjastojen tekniset työntekijät Gallerioiden, museoiden ja kirjastojen tekniset työntekijät Gallerioiden, museoiden ja kirjastojen tekniset työntekijät Gallerioiden, museoiden ja kirjastojen tekniset työntekijät Gallerioiden, museoiden ja kirjastojen tekniset työntekijät Gallerioiden, museoiden ja kirjastojen tekniset työntekijät Toimisto- ja asiakaspalvelutyöntekijät Toimisto- ja asiakaspalvelutyöntekijät Toimisto- ja asiakaspalvelutyöntekijät Toimisto- ja asiakaspalvelutyöntekijät Toimistotyöntekijät Toimistotyöntekijät Toimistotyöntekijät Asiakaspalvelutyöntekijät Asiakaspalvelutyöntekijät Rahaliikenteen asiakaspalvelutyöntekijät Muut asiakaspalvelutyöntekijät Muut asiakaspalvelutyöntekijät Muut asiakaspalvelutyöntekijät Muualla luokittelemattomat asiakaspalvelutyöntekijät Muualla luokittelemattomat asiakaspalvelutyöntekijät Muut muualla luokittelemattomat asiakaspalvelutyöntekijät Laskennan ja varastoinnin toimistotyöntekijät Laskennan ja varastoinnin toimistotyöntekijät Taloushallinnon toimistotyöntekijät Taloushallinnon toimistotyöntekijät Taloushallinnon toimistotyöntekijät Tilasto-, rahoitus- ja vakuutusalan toimistotyöntekijät Tilasto-, rahoitus- ja vakuutusalan toimistotyöntekijät Tilasto-, rahoitus- ja vakuutusalan toimistotyöntekijät Kuljetuksen ja varastoinnin toimistotyöntekijät Kuljetuksen ja varastoinnin toimistotyöntekijät Kuljetuksen toimistotyöntekijät Muut kuljetuksen ja huolinnan toimistotyöntekijät Muut toimisto- ja asiakaspalvelutyöntekijät Muut toimisto- ja asiakaspalvelutyöntekijät Muut toimisto- ja asiakaspalvelutyöntekijät Muut toimisto- ja asiakaspalvelutyöntekijät Muut toimisto- ja asiakaspalvelutyöntekijät Muut toimisto- ja asiakaspalvelutyöntekijät Muut toimisto- ja asiakaspalvelutyöntekijät Muut toimisto- ja asiakaspalvelutyöntekijät Muut toimisto- ja asiakaspalvelutyöntekijät Kirjastotyöntekijät Arkistotyöntekijät Arkistotyöntekijät Arkistotyöntekijät Henkilöstöhallinnon avustavat toimistotyöntekijät Henkilöstöhallinnon avustavat toimistotyöntekijät Muut muualla luokittelemattomat toimisto- ja asiakaspalvelutyöntekijät Muut muualla luokittelemattomat toimisto- ja asiakaspalvelutyöntekijät Muut muualla luokittelemattomat toimisto- ja asiakaspalvelutyöntekijät Muut muualla luokittelemattomat toimisto- ja asiakaspalvelutyöntekijät Palvelu- ja myyntityöntekijät Palvelu- ja myyntityöntekijät Palvelu- ja myyntityöntekijät Palvelu- ja myyntityöntekijät Palvelu- ja myyntityöntekijät Palvelu- ja myyntityöntekijät Palvelu- ja myyntityöntekijät Palvelu- ja myyntityöntekijät Palvelutyöntekijät Palvelutyöntekijät Palvelutyöntekijät Palvelutyöntekijät Palvelutyöntekijät Palvelutyöntekijät Matkustuspalvelutyöntekijät, konduktöörit ja oppaat Ravintola- ja suurtaloustyöntekijät Ravintola- ja suurtaloustyöntekijät Ravintola- ja suurtaloustyöntekijät Tarjoilutyöntekijät Kiinteistöhuollon työntekijät Muut henkilökohtaisen palvelun työntekijät Muut henkilökohtaisen palvelun työntekijät Muut henkilökohtaisen palvelun työntekijät Muut henkilökohtaisen palvelun työntekijät Hautauspalvelutyöntekijät Muut hautaustyöntekijät Muualla luokittelemattomat henkilökohtaisen palvelun työntekijät Muut myyntityöntekijät Muut myyntityöntekijät Muut myyntityöntekijät Muut myyntityöntekijät Muut myyntityöntekijät Muut myyntityöntekijät Muut myyntityöntekijät Huoltamotyöntekijät Huoltamotyöntekijät Huoltamotyöntekijät Huoltamotyöntekijät Huoltamotyöntekijät Muut muualla luokittelemattomat myyntityöntekijät Muut muualla luokittelemattomat myyntityöntekijät Muut muualla luokittelemattomat myyntityöntekijät Muut muualla luokittelemattomat myyntityöntekijät Muut muualla luokittelemattomat myyntityöntekijät Hoivapalvelun ja terveydenhuollon työntekijät Hoivapalvelun ja terveydenhuollon työntekijät Lastenhoitotyöntekijät Lähihoitajat, muut terveydenhuollon työntekijät ja kodinhoitajat Lähihoitajat, muut terveydenhuollon työntekijät ja kodinhoitajat Lähihoitajat, muut terveydenhuollon työntekijät ja kodinhoitajat Kotityöpalvelutyöntekijät Muut terveydenhuoltoalan työntekijät Muut terveydenhuoltoalan työntekijät Muut terveydenhuoltoalan työntekijät Apteekkien lääketyöntekijät Suojelu- ja vartiointityöntekijät Suojelu- ja vartiointityöntekijät Suojelu- ja vartiointityöntekijät Suojelu- ja vartiointityöntekijät Suojelu- ja vartiointityöntekijät Suojelu- ja vartiointityöntekijät Muut suojelu- ja vartiointityöntekijät Muut suojelu- ja vartiointityöntekijät Muut suojelu- ja vartiointityöntekijät Maanviljelijät, metsätyöntekijät ym. Maanviljelijät, metsätyöntekijät ym. Maanviljelijät, metsätyöntekijät ym. Peltoviljelytyönjohtajat ja -työntekijät Puutarhurit, kasvihuoneviljelijät ja -työntekijät Puutarhurit, kasvihuoneviljelijät ja -työntekijät Puutarhurit, kasvihuoneviljelijät ja -työntekijät Puutarha- ja kasvihuonetyönjohtajat ja - työntekijät Puutarha- ja kasvihuonetyönjohtajat ja - työntekijät Metsä- ja kalatalouden työntekijät Metsurit ja metsätyöntekijät Metsurit ja metsätyöntekijät Kalanviljelijät ja -viljelytyöntekijät Kalanviljelytyönjohtajat ja -työntekijät Rakennus-, korjaus- ja valmistustyöntekijät Rakennus-, korjaus- ja valmistustyöntekijät Rakennus-, korjaus- ja valmistustyöntekijät Rakennus-, korjaus- ja valmistustyöntekijät Rakennus-, korjaus- ja valmistustyöntekijät Rakennustyöntekijät ym. (pl. sähköasentajat) Rakennustyöntekijät ym. (pl. sähköasentajat) Rakennustyöntekijät ym. Rakennustyöntekijät ym. Rakennustyöntekijät ym. Muut rakennustyöntekijät Muut rakennustyöntekijät Rakennusten viimeistelytyöntekijät Rakennusten viimeistelytyöntekijät Rakennusten viimeistelytyöntekijät Lattianpäällystystyöntekijät Lattianpäällystystyöntekijät Konepaja- ja valimotyöntekijät sekä asentajat ja korjaajat Konepaja- ja valimotyöntekijät sekä asentajat ja korjaajat Konepaja- ja valimotyöntekijät sekä asentajat ja korjaajat Konepaja- ja valimotyöntekijät sekä asentajat ja korjaajat Valimotyöntekijät, hitsaajat, levysepät ym. Paksulevysepät ja rautarakennetyöntekijät Käsityötuotteiden valmistajat, hienomekaanikot sekä painoalan työntekijät Käsityötuotteiden valmistajat, hienomekaanikot sekä painoalan työntekijät Käsityötuotteiden valmistajat, hienomekaanikot sekä painoalan työntekijät Käsityötuotteiden valmistajat, hienomekaanikot sekä painoalan työntekijät Käsityötuotteiden valmistajat, hienomekaanikot sekä painoalan työntekijät Muut käsityöntekijät Muut käsityöntekijät Muut käsityöntekijät Painoalan työntekijät Painoalan työntekijät Painoalan työntekijät Jälkikäsittelijät ja sitomotyöntekijät Jälkikäsittelijät ja sitomotyöntekijät Sähkö- ja elektroniikka-alan työntekijät Sähkö- ja elektroniikka-alan työntekijät Sähkö- ja elektroniikka-alan työntekijät Elintarvike-, puutyö- ja vaatetus- ja jalkinealan valmistustyöntekijät ym. Elintarvike-, puutyö- ja vaatetus- ja jalkinealan valmistustyöntekijät ym. Elintarvike-, puutyö- ja vaatetus- ja jalkinealan valmistustyöntekijät ym. Elintarvike-, puutyö- ja vaatetus- ja jalkinealan valmistustyöntekijät ym. Elintarvike-, puutyö- ja vaatetus- ja jalkinealan valmistustyöntekijät ym. Elintarvike-, puutyö- ja vaatetus- ja jalkinealan valmistustyöntekijät ym. Elintarvike-, puutyö- ja vaatetus- ja jalkinealan valmistustyöntekijät ym. Vaatetusalan työntekijät ym. Vaatetusalan työntekijät ym. Vaatetusalan työntekijät ym. Muut pääluokkaan 7 luokiteltavat työntekijät Muut pääluokkaan 7 luokiteltavat työntekijät Muut pääluokkaan 7 luokiteltavat työntekijät Muut pääluokkaan 7 luokiteltavat työntekijät Muut pääluokkaan 7 luokiteltavat työntekijät Vedenalaistyöntekijät Muut pääluokkaan 7 muualla luokittelemattomat työntekijät Prosessi- ja kuljetustyöntekijät Prosessi- ja kuljetustyöntekijät Prosessi- ja kuljetustyöntekijät Prosessi- ja kuljetustyöntekijät Prosessityöntekijät Prosessityöntekijät Prosessityöntekijät Prosessityöntekijät Prosessityöntekijät Prosessityöntekijät Prosessityöntekijät Kaivos- ja louhostyöntekijät Kaivos- ja louhostyöntekijät Rikastustyöntekijät Rikastustyöntekijät Betonituote- ym. teollisuuden prosessityöntekijät Metalliteollisuuden prosessityöntekijät ja viimeistelijät Metalliteollisuuden prosessityöntekijät ja viimeistelijät Metalliteollisuuden prosessityöntekijät Metalliteollisuuden prosessityöntekijät Metalliteollisuuden prosessityöntekijät Metalliteollisuuden prosessityöntekijät Kemianteollisuuden ja valokuvatuotteiden valmistuksen prosessityöntekijät Kemianteollisuuden ja valokuvatuotteiden valmistuksen prosessityöntekijät Kemianteollisuuden ja valokuvatuotteiden valmistuksen prosessityöntekijät Kemianteollisuuden prosessityöntekijät ym. Kemianteollisuuden prosessityöntekijät ym. Kemianteollisuuden prosessityöntekijät ym. Kemianteollisuuden prosessityöntekijät ym. Valokuvatuotteiden valmistuksen prosessityöntekijät Valokuvatuotteiden valmistuksen prosessityöntekijät Kumi-, muovi- ja paperituotteiden valmistuksen prosessityöntekijät Kumi-, muovi- ja paperituotteiden valmistuksen prosessityöntekijät Kumituoteteollisuuden prosessityöntekijät Muovituoteteollisuuden prosessityöntekijät Paperituoteteollisuuden prosessityöntekijät Tekstiili-, turkis- ja nahkatuoteteollisuuden prosessityöntekijät Tekstiili-, turkis- ja nahkatuoteteollisuuden prosessityöntekijät Tekstiili-, turkis- ja nahkatuoteteollisuuden prosessityöntekijät Jalkine- ja laukkuteollisuuden prosessityöntekijät Jalkine- ja laukkuteollisuuden prosessityöntekijät Pesulatyöntekijät Pesulatyöntekijät Muut tekstiili-, turkis- ja nahkatuoteteollisuuden prosessityöntekijät Elintarviketeollisuuden prosessityöntekijät Elintarviketeollisuuden prosessityöntekijät Elintarviketeollisuuden prosessityöntekijät Elintarviketeollisuuden prosessityöntekijät Elintarviketeollisuuden prosessityöntekijät Elintarviketeollisuuden prosessityöntekijät Elintarviketeollisuuden prosessityöntekijät Elintarviketeollisuuden prosessityöntekijät Elintarviketeollisuuden prosessityöntekijät Sahatavaran sekä paperin ja kartongin valmistuksen prosessityöntekijät Paperimassan sekä paperin ja kartongin valmistuksen prosessityöntekijät Paperimassan sekä paperin ja kartongin valmistuksen prosessityöntekijät Puu- ja sahatavaran prosessityöntekijät Muut prosessityöntekijät Muut prosessityöntekijät Muut prosessityöntekijät Muut prosessityöntekijät Muut prosessityöntekijät Muut prosessityöntekijät Muut muualla luokittelemattomat prosessityöntekijät Muut muualla luokittelemattomat prosessityöntekijät Muut muualla luokittelemattomat prosessityöntekijät Kuljetustyöntekijät Kuljetustyöntekijät Kuljetustyöntekijät Raideliikenteen kuljettajat ja työntekijät Jarru-, turvalaite- ja vaihdetyöntekijät Kansimiehistö ym. vesiliikenteen työntekijät Kansimiehistö ym. vesiliikenteen työntekijät Muut työntekijät Muut työntekijät Muut työntekijät Muut työntekijät Muut työntekijät Siivoojat, kotiapulaiset ja muut puhdistustyöntekijät Siivoojat, kotiapulaiset ja muut puhdistustyöntekijät Siivoojat, kotiapulaiset ja muut puhdistustyöntekijät Siivoojat, kotiapulaiset ja muut puhdistustyöntekijät Muut puhdistustyöntekijät Maa-, metsä- ja kalatalouden avustavat työntekijät Maa-, metsä- ja kalatalouden avustavat työntekijät Maa-, metsä- ja kalatalouden avustavat työntekijät Maa-, metsä- ja kalatalouden avustavat työntekijät Maanviljelyn avustavat työntekijät Karjankasvatuksen avustavat työntekijät Yhdistetyn maanviljelyn ja karjankasvatuksen avustavat työntekijät Avustavat puutarhatyöntekijät Metsätalouden avustavat työntekijät Kalatalouden ja vesiviljelyn avustavat työntekijät Kalatalouden ja vesiviljelyn avustavat työntekijät Teollisuuden ja rakentamisen avustavat työntekijät Teollisuuden ja rakentamisen avustavat työntekijät Teollisuuden ja rakentamisen avustavat työntekijät Avustavat kaivos- ja rakennustyöntekijät Kaivosten avustavat työntekijät Maa- ja vesirakentamisen avustavat työntekijät Rakennusalan avustavat työntekijät Valmistusalan avustavat työntekijät Muut valmistusalan avustavat työntekijät Rahdinkäsittelijät ja varastotyöntekijät ym. Rahdinkäsittelijät ja varastotyöntekijät ym. Rahdinkäsittelijät ja varastotyöntekijät ym. Rahdinkäsittelijät, varastotyöntekijät ym. Avustavat keittiö- ja ruokatyöntekijät Avustavat keittiö- ja ruokatyöntekijät Avustavat keittiö- ja ruokatyöntekijät Avustavat keittiö- ja ruokatyöntekijät Pikaruokatyöntekijät Pikaruokatyöntekijät Pikaruokatyöntekijät Avustavat keittiötyöntekijät Avustavat keittiötyöntekijät Katujen puhtaanapidon ja jätehuollon työntekijät ym. Katujen puhtaanapidon ja jätehuollon työntekijät ym. Jätehuoltotyöntekijät Muut muualla luokittelemattomat työntekijät","Terveystarkastajat ja ympäristönsuojelutyöntekijät|Ympäristönsuojelutyöntekijät|Terveystarkastajat ja ympäristönsuojelutyöntekijät|Ympäristönsuojelutyöntekijät|Seurakuntatyöntekijät|Sosiaalityöntekijät|Diakonit ja seurakuntatyöntekijät|Muut seurakuntatyöntekijät|Toimisto- ja asiakaspalvelutyöntekijät|Palvelu-, myynti- ja hoitotyöntekijät|Rakennus-, korjaus- ja valmistustyöntekijät|Prosessi- ja kuljetustyöntekijät|Palvelu- ja suojelutyöntekijät ym.|Prosessityöntekijät|Suojelu- ja vartiointityöntekijät|Metalliteollisuuden prosessityöntekijät|Puunjalostuksen ja paperinvalmistuksen prosessityöntekijät|Sulatto- ja sulatusuunityöntekijät|Palvelu- ja suojelutyöntekijät ym.|Hienomekaniikan ja taideteollisuuden työntekijät|Henkilökohtaisen palvelun työntekijät|Suojelu- ja vartiointityöntekijät|Terveystarkastajat ja ympäristönsuojelutyöntekijät|Ympäristönsuojelutyöntekijät|Toimistotyöntekijät|Asiakaspalvelutyöntekijät|Palvelu- ja suojelutyöntekijät ym.|Rahaliikenteen asiakaspalvelutyöntekijät|Muut asiakaspalvelutyöntekijät|Suojelu- ja vartiointityöntekijät|Toimistotyöntekijät|Palvelu- ja suojelutyöntekijät ym.|Seurakuntatyöntekijät|Sosiaalityöntekijät|Diakonit ja seurakuntatyöntekijät|Muut seurakuntatyöntekijät|Kirjastojen, postitoimistojen ym. työntekijät|Ravintola- ja suurtaloustyöntekijät|Kirjasto-, arkisto- ja museotyöntekijät|Toimisto- ja asiakaspalvelutyöntekijät|Toimistotyöntekijät|Muut toimistotyöntekijät|Muut toimistotyöntekijät|Muut toimistotyöntekijät|Muut toimistotyöntekijät|Asiakaspalvelutyöntekijät|Rahaliikenteen asiakaspalvelutyöntekijät|Muut asiakaspalvelutyöntekijät|Toimistotyöntekijät|Kuljetuksen ja varastoinnin toimistotyöntekijät|Raideliikenteen ohjaajat ja muut kuljetuksen toimistotyöntekijät|Muut kuljetuksen ja huolinnan toimistotyöntekijät|Toimistotyöntekijät|Kirjastojen, postitoimistojen ym. työntekijät|Muut toimistotyöntekijät|Kirjasto-, arkisto- ja museotyöntekijät|Muut toimistotyöntekijät|Muut toimistotyöntekijät|Muut toimistotyöntekijät|Kirjasto-, arkisto- ja museotyöntekijät|Muut toimistotyöntekijät|Muut toimistotyöntekijät|Toimisto- ja asiakaspalvelutyöntekijät|Palvelu-, myynti- ja hoitotyöntekijät|Maanviljelijät, metsätyöntekijät ym.|Rakennus-, korjaus- ja valmistustyöntekijät|Muut työntekijät|Asiakaspalvelutyöntekijät|Palvelu- ja suojelutyöntekijät ym.|Maanviljelijät, metsätyöntekijät ym.|Muut palvelutyöntekijät|Matkustuspalvelutyöntekijät|Ravintola- ja suurtaloustyöntekijät|Ravintola- ja suurtaloustyöntekijät|Tarjoilutyöntekijät|Tarjoilutyöntekijät|Henkilökohtaisen palvelun työntekijät|Muut asiakaspalvelutyöntekijät|Ravintola- ja suurtaloustyöntekijät|Henkilökohtaisen palvelun työntekijät|Kiinteistötyöntekijät, ikkunanpesijät ym.|Muut henkilökohtaisen palvelun työntekijät|Henkilökohtaisen palvelun työntekijät|Muut henkilökohtaisen palvelun työntekijät|Hautauspalvelutyöntekijät|Muut hautaustyöntekijät|Apteekkien lääketyöntekijät ym.|Muut henkilökohtaisen palvelun työntekijät|Toimistotyöntekijät|Asiakaspalvelutyöntekijät|Palvelu- ja suojelutyöntekijät ym.|Konepaja- ja valimotyöntekijät sekä asentajat ja korjaajat|Muut palvelutyöntekijät|Rahaliikenteen asiakaspalvelutyöntekijät|Ravintola- ja suurtaloustyöntekijät|Tarjoilutyöntekijät|Ravintola- ja suurtaloustyöntekijät|Tarjoilutyöntekijät|Palvelu- ja suojelutyöntekijät ym.|Lastenhoitotyöntekijät|Henkilökohtaisen palvelun työntekijät|Lastenhoitotyöntekijät|Sosiaalityöntekijät|Apteekkien lääketyöntekijät ym.|Apteekkien lääketyöntekijät|Palvelu- ja suojelutyöntekijät ym.|Maanviljelijät, metsätyöntekijät ym.|Muut palvelutyöntekijät|Suojelu- ja vartiointityöntekijät|Maanviljelijät, metsätyöntekijät ym.|Maanviljelijät, metsätyöntekijät ym.|Peltoviljelijät ja peltoviljelytyöntekijät|Peltoviljelytyönjohtajat ja -työntekijät|Puutarha- ja kasvihuoneviljelijät ja -työntekijät|Puutarha- ja kasvihuoneviljelijät ja -työntekijät|Puutarha-  ja kasvihuonetyöntekijät|Peltoviljelijät ja peltoviljelytyöntekijät|Puutarha- ja kasvihuoneviljelijät ja -työntekijät|Yhdistetyn maanviljelyn ja eläintenhoidon harjoittajat ja työntekijät|Yhdistetyn maanviljelyn ja eläintenhoidon harjoittajat ja työntekijät|Maanviljelijät, metsätyöntekijät ym.|Metsurit ja metsätyöntekijät|Metsurit ja metsätyöntekijät|Kalanviljely-yrittäjät ja -työntekijät|Kalanviljelytyönjohtajat ja -työntekijät|Rakennus-, korjaus- ja valmistustyöntekijät|Prosessi- ja kuljetustyöntekijät|Kaivos-, louhos- ja rakennustyöntekijät|Kaivostyöntekijät, panostajat, kivenhakkaajat ym.|Rakennustyöntekijät ym.|Rakennustyöntekijät|Muut rakennustyöntekijät ja -korjaajat ym.|Rakennustyöntekijät|Rakennustyöntekijät|Muut rakennustyöntekijät ja -korjaajat ym.|Rakennustyöntekijät ym.|Rakennusten viimeistelytyöntekijät|Lattianpäällystystyöntekijät|Rakennustyöntekijät ym.|Konepaja- ja valimotyöntekijät sekä asentajat ja korjaajat|Valimotyöntekijät, hitsaajat, levysepät ym.|Paksulevysepät ja rautarakennetyöntekijät|Hienomekaniikan ja taideteollisuuden työntekijät|Muut valmistustyöntekijät|Savenvalajat, lasihyttityöntekijät ym.|Kirjansitomotyöntekijät|Kaivos-, louhos- ja rakennustyöntekijät|Konepaja- ja valimotyöntekijät sekä asentajat ja korjaajat|Rakennusten viimeistelytyöntekijät|Kaivos-, louhos- ja rakennustyöntekijät|Konepaja- ja valimotyöntekijät sekä asentajat ja korjaajat|Hienomekaniikan ja taideteollisuuden työntekijät|Muut valmistustyöntekijät|Rakennusten viimeistelytyöntekijät|Muut rakennusten viimeistelytyöntekijät|Kaivostyöntekijät, panostajat, kivenhakkaajat ym.|Valimotyöntekijät, hitsaajat, levysepät ym.|Vedenalaistyöntekijät|Rakennus-, korjaus- ja valmistustyöntekijät|Prosessi- ja kuljetustyöntekijät|Muut työntekijät|Kaivos-, louhos- ja rakennustyöntekijät|Hienomekaniikan ja taideteollisuuden työntekijät|Muut valmistustyöntekijät|Prosessityöntekijät|Muut palvelutyöntekijät|Teollisuuden ja rakentamisen avustavat työntekijät|Kaivostyöntekijät, panostajat, kivenhakkaajat ym.|Kaivos- ja louhostyöntekijät|Kaivos- ja louhostyöntekijät|Rikastustyöntekijät|Kaivos- ja louhostyöntekijät|Metalliteollisuuden prosessityöntekijät|Sulatto- ja sulatusuunityöntekijät|Valokuvalaboratorioiden työntekijät|Puunjalostuksen ja paperinvalmistuksen prosessityöntekijät|Lasi- ja keramiikkateollisuuden työntekijät|Pakkaajat ja muut avustavat teollisuustyöntekijät ym.|Muut lasi- ja keramiikkateollisuuden työntekijät|Kuljettajat, vesiliikennetyöntekijät ym.|Teollisuuden ja rakentamisen avustavat työntekijät|Rahdinkäsittelijät, varastotyöntekijät ym.|Rahdinkäsittelijät, varastotyöntekijät ym.|Rahdinkäsittelijät, varastotyöntekijät ym.|Kansi- ja konemiehistö ym. vesiliikenteen työntekijät|Kansi- ja konemiehistö ym. vesiliikenteen työntekijät|Toimisto- ja asiakaspalvelutyöntekijät|Palvelu-, myynti- ja hoitotyöntekijät|Maanviljelijät, metsätyöntekijät ym.|Muut työntekijät|Asiakaspalvelutyöntekijät|Palvelu- ja suojelutyöntekijät ym.|Muut palvelutyöntekijät|Muut asiakaspalvelutyöntekijät|Henkilökohtaisen palvelun työntekijät|Muut henkilökohtaisen palvelun työntekijät|Lastenhoitotyöntekijät|Kiinteistötyöntekijät, ikkunanpesijät ym.|Maanviljelijät, metsätyöntekijät ym.|Maa- ja metsätalouden avustavat työntekijät|Maa- ja metsätalouden avustavat työntekijät|Maa- ja metsätalouden avustavat työntekijät|Maa- ja metsätalouden avustavat työntekijät|Maa- ja metsätalouden avustavat työntekijät|Maa- ja metsätalouden avustavat työntekijät|Maa- ja metsätalouden avustavat työntekijät|Kalanviljely-yrittäjät ja -työntekijät|Kalanviljelytyönjohtajat ja -työntekijät|Maa- ja metsätalouden avustavat työntekijät|Teollisuuden ja rakentamisen avustavat työntekijät|Kaivos- ja rakennusalan ym. alojen avustavat työntekijät|Kaivosten avustavat työntekijät|Maa- ja vesirakennusalan avustavat työntekijät|Rakennusalan avustavat työntekijät|Pakkaajat ja muut avustavat teollisuustyöntekijät ym.|Maa- ja metsätalouden avustavat työntekijät|Rahdinkäsittelijät, varastotyöntekijät ym.|Maa- ja metsätalouden avustavat työntekijät|Rahdinkäsittelijät, varastotyöntekijät ym.|Palvelu- ja suojelutyöntekijät ym.|Muut palvelutyöntekijät|Ravintola- ja suurtaloustyöntekijät|Tarjoilutyöntekijät|Muut palvelutyöntekijät|Muut palvelutyöntekijät|Teollisuuden ja rakentamisen avustavat työntekijät|Puhdistustyöntekijät|Jäte- ja kaatopaikkatyöntekijät|Jäte- ja kaatopaikkatyöntekijät|Kaivos- ja rakennusalan ym. alojen avustavat työntekijät|Pakkaajat ja muut avustavat teollisuustyöntekijät ym.|Rakennusalan avustavat työntekijät"
"106","asiakaspalvelu",22,NA,NA,NA,TRUE,"Toimisto- ja asiakaspalvelutyöntekijät Toimisto- ja asiakaspalvelutyöntekijät Toimisto- ja asiakaspalvelutyöntekijät Toimisto- ja asiakaspalvelutyöntekijät Asiakaspalvelutyöntekijät Asiakaspalvelutyöntekijät Rahaliikenteen asiakaspalvelutyöntekijät Muut asiakaspalvelutyöntekijät Muut asiakaspalvelutyöntekijät Muut asiakaspalvelutyöntekijät Muualla luokittelemattomat asiakaspalvelutyöntekijät Muualla luokittelemattomat asiakaspalvelutyöntekijät Muut muualla luokittelemattomat asiakaspalvelutyöntekijät Muut toimisto- ja asiakaspalvelutyöntekijät Muut toimisto- ja asiakaspalvelutyöntekijät Muut toimisto- ja asiakaspalvelutyöntekijät Muut toimisto- ja asiakaspalvelutyöntekijät Muut toimisto- ja asiakaspalvelutyöntekijät Muut toimisto- ja asiakaspalvelutyöntekijät Muut toimisto- ja asiakaspalvelutyöntekijät Muut toimisto- ja asiakaspalvelutyöntekijät Muut toimisto- ja asiakaspalvelutyöntekijät Muut muualla luokittelemattomat toimisto- ja asiakaspalvelutyöntekijät Muut muualla luokittelemattomat toimisto- ja asiakaspalvelutyöntekijät Muut muualla luokittelemattomat toimisto- ja asiakaspalvelutyöntekijät Muut muualla luokittelemattomat toimisto- ja asiakaspalvelutyöntekijät Puhelin- ja asiakaspalvelukeskusten myyjät","Toimisto- ja asiakaspalvelutyöntekijät|Asiakaspalvelutyöntekijät|Rahaliikenteen asiakaspalvelutyöntekijät|Muut asiakaspalvelutyöntekijät|Toimisto- ja asiakaspalvelutyöntekijät|Asiakaspalvelutyöntekijät|Rahaliikenteen asiakaspalvelutyöntekijät|Muut asiakaspalvelutyöntekijät|Toimisto- ja asiakaspalvelutyöntekijät|Asiakaspalvelutyöntekijät|Muut asiakaspalvelutyöntekijät|Asiakaspalvelutyöntekijät|Rahaliikenteen asiakaspalvelutyöntekijät|Toimisto- ja asiakaspalvelutyöntekijät|Asiakaspalvelutyöntekijät|Muut asiakaspalvelutyöntekijät"
"107","assistentti",22,NA,NA,NA,TRUE,"",""
"108","hallintojohtaja",22,NA,NA,NA,TRUE,"Hallintojohtajat ja kaupalliset johtajat Hallintojohtajat ja kaupalliset johtajat Liiketoiminta- ja hallintojohtajat Liiketoiminta- ja hallintojohtajat Liiketoiminta- ja hallintojohtajat Muut hallintojohtajat ja kaupalliset johtajat Muut hallintojohtajat ja kaupalliset johtajat Muut hallintojohtajat ja kaupalliset johtajat Muut hallintojohtajat ja kaupalliset johtajat Muut hallintojohtajat ja kaupalliset johtajat Muut hallintojohtajat ja kaupalliset johtajat Muut hallintojohtajat ja kaupalliset johtajat","Talous- ja hallintojohtajat|Talous- ja hallintojohtajat|Talous- ja hallintojohtajat|Talous- ja hallintojohtajat|Talous- ja hallintojohtajat"
"109","kirjastotoimenjohtaja",22,NA,NA,NA,TRUE,"",""
"110","pääkirjanpitäjä",22,NA,NA,NA,TRUE,"",""
"111","ruokapalvelupäällikkö",22,NA,NA,NA,TRUE,"",""
"112","kirjastonjohtaja",21,NA,NA,NA,TRUE,"",""
"113","lähetti",21,NA,NA,NA,TRUE,"",""
"114","lastentarhanopettaja varajohtaja",21,NA,NA,NA,TRUE,"",""
"115","palvelujohtaja",21,NA,NA,NA,TRUE,"",""
"116","primärskötare",21,NA,NA,NA,TRUE,"",""
"117","projektisuunnittelija",21,NA,NA,NA,TRUE,"",""
"118","puhelunvälittäjä",21,NA,NA,NA,TRUE,"",""
"119","ravitsemusterapeutti",21,NA,NA,NA,TRUE,"",""
"120","koulunjohtaja",20,NA,NA,NA,TRUE,"",""
"121","toimitilahuoltaja",20,NA,NA,NA,TRUE,"",""
"122","ympäristörakentaja",20,NA,NA,NA,TRUE,"",""
"123","huoltomestari",19,NA,NA,NA,TRUE,"",""
"124","kuvataideopettaja",19,NA,NA,NA,TRUE,"",""
"125","laborantti",19,NA,NA,NA,TRUE,"",""
"126","museoavustaja",19,NA,NA,NA,TRUE,"",""
"127","oppilaanohjaaja",19,NA,NA,NA,TRUE,"",""
"128","työsuojeluvaltuutettu",19,NA,NA,NA,TRUE,"",""
"129","yhdistelmätyöntekijä",19,NA,NA,NA,TRUE,"",""
"130","arkistosihteeri",18,NA,NA,NA,TRUE,"",""
"131","opistosihteeri",18,NA,NA,NA,TRUE,"",""
"132","ravitsemispäällikkö",18,NA,NA,NA,TRUE,"",""
"133","sairaankuljettaja",18,NA,NA,NA,TRUE,"","Lääkintävahtimestari-sairaankuljettajat"
"134","toimitusjohtaja",18,NA,NA,NA,TRUE,"Toimitusjohtajat ja pääjohtajat Toimitusjohtajat ja pääjohtajat","Pääjohtajat ja toimitusjohtajat|Pääjohtajat ja toimitusjohtajat|Pääjohtajat ja toimitusjohtajat|Pääjohtajat ja toimitusjohtajat|Pääjohtajat ja toimitusjohtajat"
"135","esiopettaja",17,NA,NA,NA,TRUE,"",""
"136","kiinteistöpäällikkö",17,NA,NA,NA,TRUE,"",""
"137","kolmiperhepäivähoitaja",17,NA,NA,NA,TRUE,"",""
"138","konsultoiva erityislastentarhanopettaja",17,NA,NA,NA,TRUE,"",""
"139","kouluterveydenhoitaja",17,NA,NA,NA,TRUE,"",""
"140","työn lehtori",17,NA,NA,NA,TRUE,"",""
"141","amanuenssi",16,NA,NA,NA,TRUE,"",""
"142","erikoisammattimies",16,NA,NA,NA,TRUE,"",""
"143","kahviotyöntekijä",16,NA,NA,NA,TRUE,"",""
"144","lähihoitaja ohjaaja",16,NA,NA,NA,TRUE,"",""
"145","liikunnanopettaja",16,NA,NA,NA,TRUE,"",""
"146","luokanopettaja apulaisrehtori",16,NA,NA,NA,TRUE,"",""
"147","tarkastusinsinööri",16,NA,NA,NA,TRUE,"",""
"148","esikoulunopettaja",15,NA,NA,NA,TRUE,"",""
"149","henkilöstösihteeri",15,NA,NA,NA,TRUE,"",""
"150","kotisairaanhoitaja",15,NA,NA,NA,TRUE,"",""
"151","kouluavustaja",15,NA,NA,NA,TRUE,"",""
"152","musiikinopettaja",15,NA,NA,NA,TRUE,"",""
"153","palveluneuvoja",15,NA,NA,NA,TRUE,"Puhelinpalveluneuvojat Puhelinpalveluneuvojat",""
"154","palvelusuunnittelija",15,NA,NA,NA,TRUE,"",""
"155","socialarbetare",15,NA,NA,NA,TRUE,"",""
"156","suunnittelupäällikkö",15,NA,NA,NA,TRUE,"",""
"157","taloussuunnittelija",15,NA,NA,NA,TRUE,"",""
"158","toiminnanohjaaja",15,NA,NA,NA,TRUE,"",""
"159","uinninvalvoja",15,NA,NA,NA,TRUE,"",""
"160","yhteinen lehtori",15,NA,NA,NA,TRUE,"",""
"161","asiantuntijasairaanhoitaja",14,NA,NA,NA,TRUE,"",""
"162","diabeteshoitaja",14,NA,NA,NA,TRUE,"",""
"163","hankintasihteeri",14,NA,NA,NA,TRUE,"",""
"164","henkilöstöpäällikkö",14,NA,NA,NA,TRUE,"",""
"165","kehitysvammaohjaaja",14,NA,NA,NA,TRUE,"",""
"166","lastenohjaaja",14,NA,NA,NA,TRUE,"",""
"167","päätoiminen tuntiopettaja",14,NA,NA,NA,TRUE,"",""
"168","paikkatietokäsittelijä",14,NA,NA,NA,TRUE,"",""
"169","palotarkastaja",14,NA,NA,NA,TRUE,"","Rakennus- ja palotarkastajat|Rakennus- ja palotarkastajat|Rakennus- ja palotarkastajat|Rakennus- ja palotarkastajat|Rakennus- ja palotarkastajat"
"170","puutarhuri",14,NA,NA,NA,TRUE,"Puutarhurit, kasvihuoneviljelijät ja -työntekijät Puutarhurit, kasvihuoneviljelijät ja -työntekijät Puutarhurit, kasvihuoneviljelijät ja -työntekijät Puutarhurit ja kasvihuoneviljelijät Puutarhurit ja kasvihuoneviljelijät Puutarhurit ja kasvihuoneviljelijät",""
"171","sairaanhoitaja terveydenhoitaja",14,NA,NA,NA,TRUE,"",""
"172","talonmies",14,NA,NA,NA,TRUE,"",""
"173","työnsuunnittelija",14,NA,NA,NA,TRUE,"",""
"174","vajaamielishoitaja",14,NA,NA,NA,TRUE,"",""
"175","autonkuljettaja",13,NA,NA,NA,TRUE,"Henkilö-, taksi- ja pakettiautonkuljettajat Henkilö-, taksi- ja pakettiautonkuljettajat","Henkilö- ja pakettiautonkuljettajat"
"176","etumies",13,NA,NA,NA,TRUE,"",""
"177","informaatikko",13,NA,NA,NA,TRUE,"",""
"178","kaavoitusarkkitehti",13,NA,NA,NA,TRUE,"",""
"179","kodinhoitaja lähihoitaja",13,NA,NA,NA,TRUE,"",""
"180","kotitalousopettaja",13,NA,NA,NA,TRUE,"",""
"181","kuljettaja",13,NA,NA,NA,TRUE,"Raideliikenteen kuljettajat ja työntekijät Veturinkuljettajat Henkilö- ja pakettiauton- sekä moottoripyöränkuljettajat Henkilö- ja pakettiauton- sekä moottoripyöränkuljettajat Henkilö-, taksi- ja pakettiautonkuljettajat Henkilö-, taksi- ja pakettiautonkuljettajat Raskaiden moottoriajoneuvojen kuljettajat Raskaiden moottoriajoneuvojen kuljettajat Linja-auton- ja raitiovaununkuljettajat Linja-auton- ja raitiovaununkuljettajat Kuorma-auton ja erikoisajoneuvojen kuljettajat Kuorma-auton ja erikoisajoneuvojen kuljettajat Työkoneiden kuljettajat Työkoneiden kuljettajat Työkoneiden kuljettajat Maa- ja metsätaloustyökoneiden kuljettajat Maa- ja metsätaloustyökoneiden kuljettajat Maansiirtokoneiden ym. kuljettajat Maansiirtokoneiden ym. kuljettajat Nosturinkuljettajat Ahtaajat ja trukinkuljettajat ym. Ahtaajat ja trukinkuljettajat ym. Trukinkuljettajat ym. Eläinvetoisten kulkuneuvojen kuljettajat","Lääkintävahtimestari-sairaankuljettajat|Kuljettajat, vesiliikennetyöntekijät ym.|Veturin- ja moottorivaununkuljettajat|Veturin- ja moottorivaununkuljettajat|Moottoriajoneuvojen kuljettajat|Henkilö- ja pakettiautonkuljettajat|Moottoriajoneuvojen kuljettajat|Linja-auton- ja raitiovaununkuljettajat|Kuorma-auton ja erikoisajoneuvojen kuljettajat|Työkoneiden kuljettajat|Maa- ja metsätaloustyökoneiden kuljettajat|Maanrakennus- ym. koneiden kuljettajat|Nosturinkuljettajat|Trukin- ja siirtokoneenkuljettajat|Trukin- ja siirtokoneenkuljettajat"
"182","luokanopettaja koulunjohtaja",13,NA,NA,NA,TRUE,"",""
"183","maaseutusihteeri",13,NA,NA,NA,TRUE,"",""
"184","perheneuvoja",13,NA,NA,NA,TRUE,"",""
"185","resurssiopettaja",13,NA,NA,NA,TRUE,"",""
"186","sairaalainsinööri",13,NA,NA,NA,TRUE,"",""
"187","terveydenhoitaja sairaanhoitaja",13,NA,NA,NA,TRUE,"",""
"188","toimi",13,NA,NA,NA,TRUE,"Toimitusjohtajat ja pääjohtajat Toimitusjohtajat ja pääjohtajat Liiketoiminta- ja hallintojohtajat Liiketoiminta- ja hallintojohtajat Liiketoiminta- ja hallintojohtajat Tuotantotoiminnan ja yhteiskunnan peruspalvelujen johtajat Tuotantotoiminnan ja yhteiskunnan peruspalvelujen johtajat Tuotantotoiminnan ja yhteiskunnan peruspalvelujen johtajat Kaivostoiminnan tuotantojohtajat Rakennustoiminnan tuotantojohtajat Rakennustoiminnan tuotantojohtajat Toimittajat, kirjailijat ja kielitieteilijät Toimittajat, kirjailijat ja kielitieteilijät Toimittajat, kirjailijat ja kielitieteilijät Toimittajat, kirjailijat ja kielitieteilijät Toimittajat Toimituspäälliköt ja -sihteerit, ohjelmapäälliköt Lehtien yms. toimittajat Radio- ja tv-toimittajat Työnjohtajat kaivos-, teollisuus- ja rakennustoiminnassa Työnjohtajat kaivos-, teollisuus- ja rakennustoiminnassa Työnjohtajat kaivos-, teollisuus- ja rakennustoiminnassa Toimintaterapeutit Toimistotyön esimiehet Toimistotyön esimiehet Toimistotyön esimiehet Toimistosihteerit (terveydenhuolto) Toimistosihteerit (terveydenhuolto) Asiamiehet, toimitsijat ym. järjestöalan asiantuntijat Urheiluvalmentajat ja toimitsijat Urheiluvalmentajat ja toimitsijat Urheiluvalmentajat ja toimitsijat Urheiluvalmentajat ja toimitsijat Toimisto- ja asiakaspalvelutyöntekijät Toimisto- ja asiakaspalvelutyöntekijät Toimisto- ja asiakaspalvelutyöntekijät Toimisto- ja asiakaspalvelutyöntekijät Toimistotyöntekijät Toimistotyöntekijät Toimistotyöntekijät Toimistoavustajat Toimistoavustajat Pankki- ym. toimihenkilöt Matkatoimistovirkailijat Matkatoimistovirkailijat Laskennan ja varastoinnin toimistotyöntekijät Laskennan ja varastoinnin toimistotyöntekijät Taloushallinnon toimistotyöntekijät Taloushallinnon toimistotyöntekijät Taloushallinnon toimistotyöntekijät Tilasto-, rahoitus- ja vakuutusalan toimistotyöntekijät Tilasto-, rahoitus- ja vakuutusalan toimistotyöntekijät Tilasto-, rahoitus- ja vakuutusalan toimistotyöntekijät Kuljetuksen ja varastoinnin toimistotyöntekijät Kuljetuksen ja varastoinnin toimistotyöntekijät Kuljetuksen toimistotyöntekijät Muut kuljetuksen ja huolinnan toimistotyöntekijät Muut toimisto- ja asiakaspalvelutyöntekijät Muut toimisto- ja asiakaspalvelutyöntekijät Muut toimisto- ja asiakaspalvelutyöntekijät Muut toimisto- ja asiakaspalvelutyöntekijät Muut toimisto- ja asiakaspalvelutyöntekijät Muut toimisto- ja asiakaspalvelutyöntekijät Muut toimisto- ja asiakaspalvelutyöntekijät Muut toimisto- ja asiakaspalvelutyöntekijät Muut toimisto- ja asiakaspalvelutyöntekijät Toimistovahtimestarit Henkilöstöhallinnon avustavat toimistotyöntekijät Henkilöstöhallinnon avustavat toimistotyöntekijät Muut muualla luokittelemattomat toimisto- ja asiakaspalvelutyöntekijät Muut muualla luokittelemattomat toimisto- ja asiakaspalvelutyöntekijät Muut muualla luokittelemattomat toimisto- ja asiakaspalvelutyöntekijät Muut muualla luokittelemattomat toimisto- ja asiakaspalvelutyöntekijät Siivoustyön esimiehet toimistoissa, hotelleissa ja muissa laitoksissa Siivoustyön esimiehet toimistoissa, hotelleissa ja muissa laitoksissa Siivoustyön esimiehet toimistoissa, hotelleissa ja muissa laitoksissa Hautaustoimistonhoitajat ym. Kodinhoitajat (kotipalvelutoiminta) Koti-, hotelli- ja toimistosiivoojat ym. Koti-, hotelli- ja toimistosiivoojat ym. Koti-, hotelli- ja toimistosiivoojat ym. Koti-, hotelli- ja toimistosiivoojat ym. Koti-, hotelli- ja toimistosiivoojat ym. Toimisto- ja laitossiivoojat ym. Toimisto- ja laitossiivoojat ym. Toimisto- ja laitossiivoojat ym. Toimisto- ja laitossiivoojat ym. Toimisto- ja laitossiivoojat ym. Toimistosiivoojat ym. Toimistosiivoojat ym.","Yritysten ja muiden toimintayksiköiden johtajat|Pääjohtajat ja toimitusjohtajat|Pääjohtajat ja toimitusjohtajat|Pääjohtajat ja toimitusjohtajat|Pääjohtajat ja toimitusjohtajat|Pääjohtajat ja toimitusjohtajat|Yritysten ja muiden toimintayksiköiden johtajat|Yrityspalvelutoiminnan pienyritysten johtajat|Yritysten ja muiden toimintayksiköiden johtajat|Muiden yritysten ja toimintayksiköiden johtajat|Muiden yritysten ja toimintayksiköiden johtajat|Muiden yritysten ja toimintayksiköiden johtajat|Muiden yritysten ja toimintayksiköiden johtajat|Muiden yritysten ja toimintayksiköiden johtajat|Muiden yritysten ja toimintayksiköiden johtajat|Yritysten ja muiden toimintayksiköiden johtajat|Muiden yritysten ja toimintayksiköiden johtajat|Liikunta- ja vapaa-aikatoiminnan johtajat|Yrityspalvelutoiminnan pienyritysten johtajat|Yritysten ja muiden toimintayksiköiden johtajat|Toimittajat, taiteilijat ym.|Yritysten ja muiden toimintayksiköiden johtajat|Yritysten ja muiden toimintayksiköiden johtajat|Toimittajat, taiteilijat ym.|Toimittajat, kirjailijat ym.|Mainostoimittajat|Yritysten ja muiden toimintayksiköiden johtajat|Yritysten ja muiden toimintayksiköiden johtajat|Toimittajat, taiteilijat ym.|Toimittajat, kirjailijat ym.|Lehden- ja kustannustoimittajat sekä kriitikot|Toimittajat, kirjailijat ym.|Päällikkötoimittajat|Lehden- ja kustannustoimittajat sekä kriitikot|Radio- ja tv-toimittajat|Toimittajat, kirjailijat ym.|Toimittajat, taiteilijat ym.|Muiden yritysten ja toimintayksiköiden johtajat|Toimittajat, kirjailijat ym.|Radio- ja tv-toimittajat|Toimisto- ja asiakaspalvelutyöntekijät|Yritysten ja muiden toimintayksiköiden johtajat|Fysioterapeutit, toimintaterapeutit ym.|Fysioterapeutit, toimintaterapeutit ym.|Toimintaterapeutit|Yritysten ja muiden toimintayksiköiden johtajat|Toimistotyöntekijät|Hallinnolliset toimihenkilöt|Posti- ja pankkitoimihenkilöt|Vakuutusalan konttoritoimihenkilöt|Hallinnolliset toimihenkilöt|Hallinnolliset toimihenkilöt|Toimistonhoitajat|Sosiaaliturvatoimihenkilöt|Toimistotyöntekijät|Hallinnolliset toimihenkilöt|Toimittajat, taiteilijat ym.|Kirjastojen, postitoimistojen ym. työntekijät|Toimisto- ja asiakaspalvelutyöntekijät|Toimistotyöntekijät|Muut toimistotyöntekijät|Muut toimistotyöntekijät|Muut toimistotyöntekijät|Muut toimistotyöntekijät|Posti- ja pankkitoimihenkilöt|Hallinnolliset toimihenkilöt|Matkatoimistovirkailijat|Toimistotyöntekijät|Hallinnolliset toimihenkilöt|Vakuutusalan konttoritoimihenkilöt|Kuljetuksen ja varastoinnin toimistotyöntekijät|Raideliikenteen ohjaajat ja muut kuljetuksen toimistotyöntekijät|Muut kuljetuksen ja huolinnan toimistotyöntekijät|Toimistotyöntekijät|Kirjastojen, postitoimistojen ym. työntekijät|Muut toimistotyöntekijät|Postinkäsittelijät ja toimistovahtimestarit|Muut toimistotyöntekijät|Muut toimistotyöntekijät|Toimistovahtimestarit|Muut toimistotyöntekijät|Muut toimistotyöntekijät|Muut toimistotyöntekijät|Toimisto- ja asiakaspalvelutyöntekijät|Hautaustoimistonhoitajat ym.|Yritysten ja muiden toimintayksiköiden johtajat|Toimistotyöntekijät|Toimittajat, taiteilijat ym.|Toimisto- ja asiakaspalvelutyöntekijät"
"189","vapaa-aikaohjaaja",13,NA,NA,NA,TRUE,"",""
"190","avopalveluohjaaja",12,NA,NA,NA,TRUE,"",""
"191","etsivä nuorisotyöntekijä",12,NA,NA,NA,TRUE,"",""
"192","kuorma-autonkuljettaja",12,NA,NA,NA,TRUE,"",""
"193","lupasihteeri",12,NA,NA,NA,TRUE,"",""
"194","pianonsoitonopettaja",12,NA,NA,NA,TRUE,"",""
"195","projektikoordinaattori",12,NA,NA,NA,TRUE,"",""
"196","puistopuutarhuri",12,NA,NA,NA,TRUE,"",""
"197","rektor",12,NA,NA,NA,TRUE,"",""
"198","sivistysjohtaja",12,NA,NA,NA,TRUE,"",""
"199","sivistystoimenjohtaja",12,NA,NA,NA,TRUE,"",""
"200","talous- velkaneuvoja",12,NA,NA,NA,TRUE,"",""
"201","tietojärjestelmäasiantuntija",12,NA,NA,NA,TRUE,"",""
"202","työpäällikkö",12,NA,NA,NA,TRUE,"",""
"203","ympäristöinsinööri",12,NA,NA,NA,TRUE,"",""
"204","äidinkielen lehtori",11,NA,NA,NA,TRUE,"",""
"205","asuntosihteeri",11,NA,NA,NA,TRUE,"",""
"206","hallintopalvelusihteeri",11,NA,NA,NA,TRUE,"",""
"207","kaupunginjohtaja",11,NA,NA,NA,TRUE,"",""
"208","kenttäjohtaja",11,NA,NA,NA,TRUE,"",""
"209","kielten lehtori",11,NA,NA,NA,TRUE,"",""
"210","kirjastosihteeri",11,NA,NA,NA,TRUE,"",""
"211","kunnossapitomestari",11,NA,NA,NA,TRUE,"",""
"212","lastenhoitaja lähihoitaja",11,NA,NA,NA,TRUE,"",""
"213","liikuntapaikkojenhoitaja",11,NA,NA,NA,TRUE,"",""
"214","museonjohtaja",11,NA,NA,NA,TRUE,"",""
"215","päiväkotiavustaja",11,NA,NA,NA,TRUE,"",""
"216","perusturvajohtaja",11,NA,NA,NA,TRUE,"",""
"217","tilaajapäällikkö",11,NA,NA,NA,TRUE,"",""
"218","toimistopäällikkö",11,NA,NA,NA,TRUE,"",""
"219","varastomies",11,NA,NA,NA,TRUE,"",""
"220","ympäristöterveystarkastaja",11,NA,NA,NA,TRUE,"",""
"221","asumisenohjaaja",10,NA,NA,NA,TRUE,"",""
"222","byråsekreterare",10,NA,NA,NA,TRUE,"",""
"223","erikoishammaslääkäri",10,NA,NA,NA,TRUE,"",""
"224","kaavasuunnittelija",10,NA,NA,NA,TRUE,"",""
"225","kaupunginlakimies",10,NA,NA,NA,TRUE,"",""
"226","kaupunginpuutarhuri",10,NA,NA,NA,TRUE,"",""
"227","kentänhoitaja",10,NA,NA,NA,TRUE,"",""
"228","kulttuurisihteeri",10,NA,NA,NA,TRUE,"",""
"229","lastenvalvoja",10,NA,NA,NA,TRUE,"",""
"230","lehtori apulaisrehtori",10,NA,NA,NA,TRUE,"",""
"231","liikuntapaikkamestari",10,NA,NA,NA,TRUE,"",""
"232","liikuntasihteeri",10,NA,NA,NA,TRUE,"",""
"233","maankäyttöinsinööri",10,NA,NA,NA,TRUE,"",""
"234","maanmittausteknikko",10,NA,NA,NA,TRUE,"",""
"235","mittamies",10,NA,NA,NA,TRUE,"",""
"236","puhtaushuoltaja",10,NA,NA,NA,TRUE,"",""
"237","pysäköinnintarkastaja",10,NA,NA,NA,TRUE,"",""
"238","rakennuttajainsinööri",10,NA,NA,NA,TRUE,"",""
"239","ravitsemussuunnittelija",10,NA,NA,NA,TRUE,"",""
"240","reskontranhoitaja",10,NA,NA,NA,TRUE,"",""
"241","sosiaali- terveysjohtaja",10,NA,NA,NA,TRUE,"",""
"242","sosionomi",10,NA,NA,NA,TRUE,"",""
"243","työtoiminnan ohjaaja",10,NA,NA,NA,TRUE,"",""
"244","työvalmentaja",10,NA,NA,NA,TRUE,"",""
"245","vastaanottohoitaja",10,NA,NA,NA,TRUE,"",""
"246","verkostoasentaja",10,NA,NA,NA,TRUE,"",""
"247","alue-esimies",9,NA,NA,NA,TRUE,"",""
"248","anestesiasairaanhoitaja",9,NA,NA,NA,TRUE,"",""
"249","ensihoitaja hoitotaso",9,NA,NA,NA,TRUE,"",""
"250","företagshälsovårdare",9,NA,NA,NA,TRUE,"",""
"251","hygieniahoitaja",9,NA,NA,NA,TRUE,"",""
"252","intendentti",9,NA,NA,NA,TRUE,"",""
"253","jalkaterapeutti",9,NA,NA,NA,TRUE,"",""
"254","kaavoitusinsinööri",9,NA,NA,NA,TRUE,"",""
"255","kehitysjohtaja",9,NA,NA,NA,TRUE,"Myynti-, markkinointi- ja kehitysjohtajat Tutkimus- ja kehitysjohtajat","Tutkimus- ja kehitysjohtajat|Tutkimus- ja kehitysjohtajat"
"256","keittäjä-emäntä",9,NA,NA,NA,TRUE,"",""
"257","kotiutushoitaja",9,NA,NA,NA,TRUE,"",""
"258","koulutussihteeri",9,NA,NA,NA,TRUE,"",""
"259","lääkintäesimies",9,NA,NA,NA,TRUE,"",""
"260","lähihoitaja päivähoitaja",9,NA,NA,NA,TRUE,"",""
"261","laitoshultaja",9,NA,NA,NA,TRUE,"",""
"262","paikkatietoinsinööri",9,NA,NA,NA,TRUE,"",""
"263","palopäällikkö",9,NA,NA,NA,TRUE,"",""
"264","puhtauspalveluohjaaja",9,NA,NA,NA,TRUE,"",""
"265","ruokapalveluohjaaja",9,NA,NA,NA,TRUE,"",""
"266","sosiaaliterapeutti",9,NA,NA,NA,TRUE,"",""
"267","suunnittelijaopettaja",9,NA,NA,NA,TRUE,"",""
"268","tietohallintopäällikkö",9,NA,NA,NA,TRUE,"",""
"269","toimialasihteeri",9,NA,NA,NA,TRUE,"",""
"270","työpajaohjaaja",9,NA,NA,NA,TRUE,"",""
"271","vapaa-aikasihteeri",9,NA,NA,NA,TRUE,"",""
"272","aluepalomestari",8,NA,NA,NA,TRUE,"",""
"273","controller",8,NA,NA,NA,TRUE,"",""
"274","huoltoteknikko",8,NA,NA,NA,TRUE,"",""
"275","ict-suunnittelija",8,NA,NA,NA,TRUE,"",""
"276","karttatietokäsittelijä",8,NA,NA,NA,TRUE,"",""
"277","kiinteistöhoitaja",8,NA,NA,NA,TRUE,"",""
"278","kiinteistörekisterinhoitaja",8,NA,NA,NA,TRUE,"",""
"279","konsultoiva erityisopettaja",8,NA,NA,NA,TRUE,"",""
"280","lastenhoitaja päivähoitaja",8,NA,NA,NA,TRUE,"",""
"281","maanmittausinsinööri",8,NA,NA,NA,TRUE,"",""
"282","maanrakennusmestari",8,NA,NA,NA,TRUE,"",""
"283","maisteri luokanopettaja",8,NA,NA,NA,TRUE,"",""
"284","metsuri",8,NA,NA,NA,TRUE,"Metsurit ja metsätyöntekijät Metsurit ja metsätyöntekijät","Metsurit ja metsätyöntekijät|Metsurit ja metsätyöntekijät"
"285","mikrotukihenkilö",8,NA,NA,NA,TRUE,"",""
"286","mittausmies",8,NA,NA,NA,TRUE,"",""
"287","mittausteknikko",8,NA,NA,NA,TRUE,"",""
"288","museoamanuenssi",8,NA,NA,NA,TRUE,"",""
"289","palomies sairaankuljettaja",8,NA,NA,NA,TRUE,"",""
"290","palvelussuhdepäällikkö",8,NA,NA,NA,TRUE,"",""
"291","pelastuspäällikkö",8,NA,NA,NA,TRUE,"",""
"292","rakennuttaja",8,NA,NA,NA,TRUE,"",""
"293","ravitsemisesimies",8,NA,NA,NA,TRUE,"",""
"294","reskontrakirjanpitäjä",8,NA,NA,NA,TRUE,"",""
"295","ruokapalvelu työntekijä",8,NA,NA,NA,TRUE,"",""
"296","siivouspäällikkö",8,NA,NA,NA,TRUE,"",""
"297","sosiaalijohtaja",8,NA,NA,NA,TRUE,"",""
"298","toimialajohtaja",8,NA,NA,NA,TRUE,"",""
"299","viran",8,NA,NA,NA,TRUE,"",""
"300","virastomestari",8,NA,NA,NA,TRUE,"",""
"301","asiakasohjaaja",7,NA,NA,NA,TRUE,"",""
"302","daghemsföreståndare",7,NA,NA,NA,TRUE,"",""
"303","englannin lehtori",7,NA,NA,NA,TRUE,"",""
"304","fysiikan lehtori",7,NA,NA,NA,TRUE,"",""
"305","kassanhoitaja",7,NA,NA,NA,TRUE,"Kassanhoitajat ja lipunmyyjät Kassanhoitajat ja lipunmyyjät Kassanhoitajat ja lipunmyyjät Kassanhoitajat ja lipunmyyjät Kassanhoitajat ja lipunmyyjät Kassanhoitajat ja lipunmyyjät Kassanhoitajat ja lipunmyyjät Kassanhoitajat ja lipunmyyjät Kassanhoitajat ja lipunmyyjät","Palkanlaskijat, kassanhoitajat ym.|Palkanlaskijat, kassanhoitajat ym.|Palkanlaskijat, kassanhoitajat ym.|Myyjät ja myymäläkassanhoitajat|Myyjät ja myymäläkassanhoitajat|Palkanlaskijat, kassanhoitajat ym.|Myyjät ja myymäläkassanhoitajat|Myyjät ja myymäläkassanhoitajat|Myyjät ja myymäläkassanhoitajat|Myyjät ja myymäläkassanhoitajat"
"306","keittäjä-siivooja-talonmies",7,NA,NA,NA,TRUE,"",""
"307","keittiötyöntekijä",7,NA,NA,NA,TRUE,"Avustavat keittiötyöntekijät Avustavat keittiötyöntekijät",""
"308","konservaattori",7,NA,NA,NA,TRUE,"",""
"309","lähihoitaja avustaja",7,NA,NA,NA,TRUE,"",""
"310","lähihoitaja kodinhoitaja",7,NA,NA,NA,TRUE,"",""
"311","lähihoitaja koulunkäyntiavustaja",7,NA,NA,NA,TRUE,"",""
"312","laskentapäällikkö",7,NA,NA,NA,TRUE,"",""
"313","lastehoitaja",7,NA,NA,NA,TRUE,"",""
"314","logistikko",7,NA,NA,NA,TRUE,"",""
"315","luokanopettaja vararehtori",7,NA,NA,NA,TRUE,"",""
"316","metsätalousinsinööri",7,NA,NA,NA,TRUE,"",""
"317","museoassistentti",7,NA,NA,NA,TRUE,"",""
"318","museolehtori",7,NA,NA,NA,TRUE,"",""
"319","musiikkipedagogi",7,NA,NA,NA,TRUE,"",""
"320","opettaja apulaisrehtori",7,NA,NA,NA,TRUE,"",""
"321","pääluottamusmies",7,NA,NA,NA,TRUE,"",""
"322","palveluasiantuntija",7,NA,NA,NA,TRUE,"",""
"323","rakennuspäällikkö",7,NA,NA,NA,TRUE,"",""
"324","sairaanhoitaja varahenkilö",7,NA,NA,NA,TRUE,"",""
"325","satamasihteeri",7,NA,NA,NA,TRUE,"",""
"326","skolsekreterare",7,NA,NA,NA,TRUE,"",""
"327","sovellusneuvoja",7,NA,NA,NA,TRUE,"",""
"328","suunnittelurakennusmestari",7,NA,NA,NA,TRUE,"",""
"329","tekstiilihuoltaja",7,NA,NA,NA,TRUE,"",""
"330","terveydenhoitaja diabeteshoitaja",7,NA,NA,NA,TRUE,"",""
"331","toimialueylihoitaja",7,NA,NA,NA,TRUE,"",""
"332","tutkija",7,NA,NA,NA,TRUE,"Tietoliikenneteknologian tutkijat Tietotekniikka-alan tutkijat Kuulontutkijat ja puheterapeutit Kuulontutkijat ja puheterapeutit Kuulontutkijat ja puheterapeutit Kuulontutkijat ja puheterapeutit Yhteiskunta- ja kulttuuritutkijat Historioitsijat, politiikan tutkijat ja filosofit","Kuulontutkijat|Yhteiskunta- ja kulttuuritutkijat|Kielentutkijat, kääntäjät ja tulkit|Yhteiskunta- ja kulttuuritutkijat"
"333","valvontaeläinlääkäri",7,NA,NA,NA,TRUE,"",""
"334","vesihuoltopäällikkö",7,NA,NA,NA,TRUE,"",""
"335","ylilääkäri johtaja",7,NA,NA,NA,TRUE,"",""
"336","ympäristönsuojelutarkastaja",7,NA,NA,NA,TRUE,"",""
"337","ympäristöpäällikkö",7,NA,NA,NA,TRUE,"",""
"338","ympäristösihteeri",7,NA,NA,NA,TRUE,"",""
"339","ympäristösuunnittelija",7,NA,NA,NA,TRUE,"",""
"340","yritysasiamies",7,NA,NA,NA,TRUE,"",""
"341","asumispalveluesimies",6,NA,NA,NA,TRUE,"",""
"342","audionomi",6,NA,NA,NA,TRUE,"",""
"343","ensihoitoesimies",6,NA,NA,NA,TRUE,"",""
"344","erityisnuorisotyöntekijä",6,NA,NA,NA,TRUE,"",""
"345","geronomi",6,NA,NA,NA,TRUE,"",""
"346","henkilöstösuunnittelija",6,NA,NA,NA,TRUE,"","Henkilöstösuunnittelijat ym.|Henkilöstösuunnittelijat ym.|Henkilöstösuunnittelijat ym."
"347","huoltoasentaja",6,NA,NA,NA,TRUE,"",""
"348","instrumenttiasentaja",6,NA,NA,NA,TRUE,"","Instrumentintekijät ja instrumenttiasentajat|Instrumentintekijät ja instrumenttiasentajat|Instrumentintekijät ja instrumenttiasentajat|Instrumentintekijät ja instrumenttiasentajat|Instrumentintekijät ja instrumenttiasentajat"
"349","kaavoituspäällikkö",6,NA,NA,NA,TRUE,"",""
"350","kalustonhoitaja",6,NA,NA,NA,TRUE,"",""
"351","kaupunginarkkitehti",6,NA,NA,NA,TRUE,"",""
"352","kaupungininsinööri",6,NA,NA,NA,TRUE,"",""
"353","keskusvarastonhoitaja",6,NA,NA,NA,TRUE,"",""
"354","kotimaisen lehtori",6,NA,NA,NA,TRUE,"",""
"355","kunnossapitotyöntekijä",6,NA,NA,NA,TRUE,"",""
"356","lähihoitaja opiskelija",6,NA,NA,NA,TRUE,"",""
"357","lakimies",6,NA,NA,NA,TRUE,"",""
"358","laskutussihteeri",6,NA,NA,NA,TRUE,"",""
"359","lastentarhanopettaja johtaja",6,NA,NA,NA,TRUE,"",""
"360","materiaalihoitaja",6,NA,NA,NA,TRUE,"",""
"361","mittausetumies",6,NA,NA,NA,TRUE,"",""
"362","museomestari",6,NA,NA,NA,TRUE,"",""
"363","neuropsykologi",6,NA,NA,NA,TRUE,"",""
"364","nuorisosihteeri",6,NA,NA,NA,TRUE,"",""
"365","ohjaaja lähihoitaja",6,NA,NA,NA,TRUE,"",""
"366","osastonlääkäri",6,NA,NA,NA,TRUE,"","Erikoislääkärit ja osastonlääkärit"
"367","päihdetyöntekijä",6,NA,NA,NA,TRUE,"",""
"368","palvelussuhdeasiantuntija",6,NA,NA,NA,TRUE,"",""
"369","parkarbetare",6,NA,NA,NA,TRUE,"",""
"370","pelastusjohtaja",6,NA,NA,NA,TRUE,"",""
"371","perhepäivähoidonohjaaja",6,NA,NA,NA,TRUE,"",""
"372","projektisihteeri",6,NA,NA,NA,TRUE,"",""
"373","puhdistamonhoitaja",6,NA,NA,NA,TRUE,"",""
"374","puhelupalvelusihteeri",6,NA,NA,NA,TRUE,"",""
"375","rakennusmies",6,NA,NA,NA,TRUE,"",""
"376","rekrytoija",6,NA,NA,NA,TRUE,"",""
"377","sairaalahuoltaja",6,NA,NA,NA,TRUE,"",""
"378","satamavalvoja",6,NA,NA,NA,TRUE,"",""
"379","soitonopettaja",6,NA,NA,NA,TRUE,"",""
"380","sosiaalipäällikkö",6,NA,NA,NA,TRUE,"",""
"381","sosiaalityöntekijä-lastenvalvoja",6,NA,NA,NA,TRUE,"",""
"382","talonrakennusmestari",6,NA,NA,NA,TRUE,"",""
"383","tietohallintojohtaja",6,NA,NA,NA,TRUE,"",""
"384","tietopalvelusihteeri",6,NA,NA,NA,TRUE,"",""
"385","tilaajajohtaja",6,NA,NA,NA,TRUE,"",""
"386","toimialuejohtaja",6,NA,NA,NA,TRUE,"",""
"387","toimistoinsinööri",6,NA,NA,NA,TRUE,"",""
"388","työhyvinvointipäällikkö",6,NA,NA,NA,TRUE,"",""
"389","työtoiminnanohjaaja",6,NA,NA,NA,TRUE,"",""
"390","vesihuoltoinsinööri",6,NA,NA,NA,TRUE,"",""
"391","vs sosiaaliohjaaja",6,NA,NA,NA,TRUE,"",""
"392","ympäristöjohtaja",6,NA,NA,NA,TRUE,"",""
"393","äänenjohtaja",5,NA,NA,NA,TRUE,"",""
"394","aineenopettaja lehtori",5,NA,NA,NA,TRUE,"",""
"395","asiakkuuspäällikkö",5,NA,NA,NA,TRUE,"",""
"396","asianhallintasihteeri",5,NA,NA,NA,TRUE,"",""
"397","atk-",5,NA,NA,NA,TRUE,"",""
"398","atk-päällikkö",5,NA,NA,NA,TRUE,"",""
"399","biblioteksfunktionär",5,NA,NA,NA,TRUE,"",""
"400","dieettikokki",5,NA,NA,NA,TRUE,"",""
"401","diettikokki",5,NA,NA,NA,TRUE,"",""
"402","elinkeinojohtaja",5,NA,NA,NA,TRUE,"",""
"403","ensihoitaja perustaso",5,NA,NA,NA,TRUE,"",""
"404","erikoissuunnittelija",5,NA,NA,NA,TRUE,"",""
"405","etuussihteeri",5,NA,NA,NA,TRUE,"",""
"406","hallintoylihoitaja",5,NA,NA,NA,TRUE,"",""
"407","hankintapäällikkö",5,NA,NA,NA,TRUE,"",""
"408","henkilöstöasiainhoitaja",5,NA,NA,NA,TRUE,"",""
"409","historian lehtori",5,NA,NA,NA,TRUE,"",""
"410","hoivatyöntekijä",5,NA,NA,NA,TRUE,"",""
"411","hyvinvointikoordinaattori",5,NA,NA,NA,TRUE,"",""
"412","it-suunnittelija",5,NA,NA,NA,TRUE,"",""
"413","järjestelmäpäällikkö",5,NA,NA,NA,TRUE,"",""
"414","kaavavalmistelija",5,NA,NA,NA,TRUE,"",""
"415","kartanpiirtäjä",5,NA,NA,NA,TRUE,"",""
"416","kätilö sairaanhoitaja",5,NA,NA,NA,TRUE,"",""
"417","kaupungingeodeetti",5,NA,NA,NA,TRUE,"",""
"418","kaupunginsihteeri",5,NA,NA,NA,TRUE,"",""
"419","kehitysvammahoitaja",5,NA,NA,NA,TRUE,"",""
"420","keittäjä-siivooja",5,NA,NA,NA,TRUE,"",""
"421","kiinteistösihteeri",5,NA,NA,NA,TRUE,"",""
"422","kirjaaja",5,NA,NA,NA,TRUE,"",""
"423","kirjastoautovirkailija",5,NA,NA,NA,TRUE,"",""
"424","koneenkuljettaja",5,NA,NA,NA,TRUE,"","Trukin- ja siirtokoneenkuljettajat|Trukin- ja siirtokoneenkuljettajat"
"425","koulunkäyntiavustaja ohjaaja",5,NA,NA,NA,TRUE,"",""
"426","koulupalvelu",5,NA,NA,NA,TRUE,"",""
"427","koulutussuunnittelija",5,NA,NA,NA,TRUE,"","Muut opettajat ja koulutussuunnittelijat|Muut opettajat ja koulutussuunnittelijat|Muut opettajat ja koulutussuunnittelijat|Muut opettajat ja koulutussuunnittelijat|Muut opettajat ja koulutussuunnittelijat|Muut opettajat ja koulutussuunnittelijat"
"428","lähiavustaja",5,NA,NA,NA,TRUE,"",""
"429","lähihoitaja oppisopimusopiskelija",5,NA,NA,NA,TRUE,"",""
"430","lähihoitaja vanhustyö",5,NA,NA,NA,TRUE,"",""
"431","lähihoitajaopiskelija",5,NA,NA,NA,TRUE,"",""
"432","laitosasentaja",5,NA,NA,NA,TRUE,"",""
"433","laitoshuoltaja siivooja",5,NA,NA,NA,TRUE,"",""
"434","lapsiperhetyöntekijä",5,NA,NA,NA,TRUE,"",""
"435","leikkaus-anestesia sairaanhoitaja",5,NA,NA,NA,TRUE,"",""
"436","lokalvårdare",5,NA,NA,NA,TRUE,"",""
"437","lomituspalveluohjaaja",5,NA,NA,NA,TRUE,"",""
"438","luokanopettaja maisteri",5,NA,NA,NA,TRUE,"",""
"439","maanrakennusammattimies",5,NA,NA,NA,TRUE,"",""
"440","matematiikan lehtori",5,NA,NA,NA,TRUE,"",""
"441","myyntireskontranhoitaja",5,NA,NA,NA,TRUE,"",""
"442","oppisopimusopiskelija lähihoitaja",5,NA,NA,NA,TRUE,"",""
"443","paikkatietosuunnittelija",5,NA,NA,NA,TRUE,"",""
"444","päivähoitaja lastenhoitaja",5,NA,NA,NA,TRUE,"",""
"445","paloinsinööri",5,NA,NA,NA,TRUE,"",""
"446","palvelukoordinaattori",5,NA,NA,NA,TRUE,"",""
"447","perushoitaja lähihoitaja",5,NA,NA,NA,TRUE,"",""
"448","potilasasiamies",5,NA,NA,NA,TRUE,"",""
"449","projekti-insinööri",5,NA,NA,NA,TRUE,"",""
"450","rahoitussihteeri",5,NA,NA,NA,TRUE,"",""
"451","rakennusarkkitehti",5,NA,NA,NA,TRUE,"",""
"452","rakennuslupainsinööri",5,NA,NA,NA,TRUE,"",""
"453","ravitsemustyötenkijä",5,NA,NA,NA,TRUE,"",""
"454","ruoanjakaja",5,NA,NA,NA,TRUE,"",""
"455","sairaalakemisti",5,NA,NA,NA,TRUE,"",""
"456","sairaanhoitaja apulaisosastonhoitaja",5,NA,NA,NA,TRUE,"",""
"457","siivouspalveluesimies",5,NA,NA,NA,TRUE,"",""
"458","sisätauti sairaanhoitaja",5,NA,NA,NA,TRUE,"",""
"459","skolkurator",5,NA,NA,NA,TRUE,"",""
"460","sosiaalietuuskäsittelijä",5,NA,NA,NA,TRUE,"",""
"461","suurtalous kokki",5,NA,NA,NA,TRUE,"",""
"462","tiehöylänkuljettaja",5,NA,NA,NA,TRUE,"",""
"463","toimistosihteeri etuuskäsittelijä",5,NA,NA,NA,TRUE,"",""
"464","tonttisihteeri",5,NA,NA,NA,TRUE,"",""
"465","työmaapäällikkö",5,NA,NA,NA,TRUE,"",""
"466","työsuojelupäällikkö",5,NA,NA,NA,TRUE,"",""
"467","ulkoaluetyöntekijä",5,NA,NA,NA,TRUE,"",""
"468","verkostoinsinööri",5,NA,NA,NA,TRUE,"",""
"469","viestintäsihteeri",5,NA,NA,NA,TRUE,"",""
"470","virikeohjaaja",5,NA,NA,NA,TRUE,"",""
"471","viulunsoitonopettaja",5,NA,NA,NA,TRUE,"",""
"472","yksilöohjaaja",5,NA,NA,NA,TRUE,"",""
"473","ympäristönsuojelupäällikkö",5,NA,NA,NA,TRUE,"",""
"474","ympäristönsuojelusihteeri",5,NA,NA,NA,TRUE,"",""
"475","apulaiskaupunginjohtaja",4,NA,NA,NA,TRUE,"",""
"476","apulaisrehtori lehtori",4,NA,NA,NA,TRUE,"",""
"477","arkistopäällikkö",4,NA,NA,NA,TRUE,"",""
"478","arkkitehti",4,NA,NA,NA,TRUE,"",""
"479","asiakkuusjohtaja",4,NA,NA,NA,TRUE,"",""
"480","asumisohjaaja",4,NA,NA,NA,TRUE,"",""
"481","chaufför",4,NA,NA,NA,TRUE,"",""
"482","dieettikeittäjä",4,NA,NA,NA,TRUE,"",""
"483","ensihoitopäällikkö",4,NA,NA,NA,TRUE,"",""
"484","erityistyöntekijä",4,NA,NA,NA,TRUE,"",""
"485","hankinta-asiantuntija",4,NA,NA,NA,TRUE,"",""
"486","hoitotyöntekijä",4,NA,NA,NA,TRUE,"Lastenhoitotyöntekijät","Palvelu-, myynti- ja hoitotyöntekijät|Palvelu-, myynti- ja hoitotyöntekijät|Lastenhoitotyöntekijät|Lastenhoitotyöntekijät|Palvelu-, myynti- ja hoitotyöntekijät|Lastenhoitotyöntekijät"
"487","huilunsoitonopettaja",4,NA,NA,NA,TRUE,"",""
"488","hyvinvointipäällikkö",4,NA,NA,NA,TRUE,"",""
"489","insinööri",4,NA,NA,NA,TRUE,"Myynti-insinöörit ja lääke-esittelijät (pl. tieto- ja viestintätekniikka) Myynti-insinöörit ja lääke-esittelijät (pl. tieto- ja viestintätekniikka) Myynti-insinöörit ja lääke-esittelijät (pl. tieto- ja viestintätekniikka) Myynti-insinöörit ja lääke-esittelijät (pl. tieto- ja viestintätekniikka)",""
"490","kaavoitusavustaja",4,NA,NA,NA,TRUE,"",""
"491","kahvionhoitaja",4,NA,NA,NA,TRUE,"",""
"492","kaupungineläinlääkäri",4,NA,NA,NA,TRUE,"",""
"493","kaupunginkamreeri",4,NA,NA,NA,TRUE,"",""
"494","käyttöinsinööri",4,NA,NA,NA,TRUE,"",""
"495","käyttömestari",4,NA,NA,NA,TRUE,"",""
"496","kehityspäällikkö",4,NA,NA,NA,TRUE,"",""
"497","kehitysvamma ohjaaja",4,NA,NA,NA,TRUE,"",""
"498","kenttämestari",4,NA,NA,NA,TRUE,"",""
"499","kielenkääntäjä",4,NA,NA,NA,TRUE,"",""
"500","kiinteistöinsinööri",4,NA,NA,NA,TRUE,"",""
